Name,% HQ,% LQ,Post-Trim Length,Sequence,Sequence Length,Sequence List Name
sjnf_p_1_c_10_r_E_ITSIF_F12.ab1,19.2%,7.7%,26,GNNNNNNNNNNNNGNNNNTNNCNNGACNGNNNNTNCNNANNAANGGNTGGANCAGNTCCAGCAAACCACTATATNAGCTAGTTATCACACCTACAATCATCTCCACCAAAACTACCNCTCATTAATTTCGGGAGTTCAGACTACAGTTGCCCACAACAATGATCCCCCCCAATTCCCCTCCACTCAAAACACGCTCTTAAAAATGAAGAACGTGTTCCGCTCCGACAGGCATTCTCCTCAAAATACCTTTTAACACCGGATGTCTTGGATCTCGCATCGTTGACTAACGCCTGCAATTGCCATTACTAATGNGAATCGCTAAATTTCTTCAAATCATCGAATCTCAAAACGTACATTGCGCTCCCTGGTATACCGCTGAGCACGCATGTTCGAGTGTCTCGAAATTCCTCAACATTGAATGGCTTTTTTGTCTGACCTTANCCCTGGATGNNGAACTTTGCCGTGTCCTTCGNTGGGACGGCTGNNNTTANNCCACTNANCTGATCCTCCNGTGCAACTGNTTCTCACTCTANCGNGATACCAGAATGATCGCTGAGGACATCTNTTGNTATGTNCAGTTCTCATTCGCTATCGCTTCCAAACTNGCATCNGCANATCCTACANTCTGCGTTACACTTCCTCNCNTTNNACCTCGAATCAGGTGGNACTACCCGCTGAACTTAAGCATATCATAAA---------------------------------------------------------------------------------------------------------------------------------------------------------------------------------------------------------------------------------------------------------------------------------------------------------------------------------------------------------------------------------------------------------------------------------------------------------------------------------------------------------,696,Contig 1
sjnf_p_1_c_8_r_A_ITSIF_H05.ab1,96.9%,0.3%,323,--------------------------------------------------------------------------GCTGTCGCTGGCCTTCAAAGGTCGTGCACGCCCGGGCCCTCTCACAATCCATCTCACCCTTTGTGCATCACCGCGTGGGTC-CCC--TTTGCGGGAGGGCTCACGTTTTAACATAAAAACTCGATACAGTGTAGAATGTTTATTTTTGCGGTCACACGCGATCAATACAACTTTCAACAACGGATCTCTTGGCTCTCGCATCGATGAAGAACGCAGCGAAATGCGATACGTAATGTGAATTGCAGAATTCAGTGAATCATCGAATCTTTGAACGCACCTTGCGCCCCTTGGCATTCCGAGGGGCACACCCGTTTGAGTGTCGTGAA-----------------------------------------------------------------------------------------------------------------------------------------------------------------------------------------------------------------------------------------------------------------------------------------------------------------------------------------------------------------------------------------------------------------------------------------------------------------------------------------------------------------------------------------------------------------------------------------------------------------------------------------------------------------------------------------------------------------------------------------------------------------------------------------------------------------,323,Contig 1
sjnf_p_1_c_1_r_A_ITSIF_A01.ab1,94.6%,0.2%,446,--------------------------------------------------------------------------------------------AGGTCGTGCACGCCCGGGCCCTCTCACAATCCATCTCACCCTTTGTGCATCACCGCGTGGGTC-CCC--TTTGCGGGAGGGCTCACGTTTTAACATAAAAACTCGATACAGTGTAGAATGTTTATTTTTGCGGTCACACGCGATCAATACAACTTTCAACAACGGATCTCTTGGCTCTCGCATCGATGAAGAACGCAGCGAAATGCGATACGTAATGTGAATTGCAGAATTCAGTGAATCATCGAATCTTTGAACGCACCTTGCGCCCCTTGGCATTCCGAGGGGCACACCCGTTTGAGTGTCGTGAAATCCTCAAAACCCCTCTTCTTTG-GGAGTTTTGGAATTGGAGGTTTAATGCTCGCTTTTGCCTTTGAAAGTGAGCTCCTCTCAAATGAATCAGTGGGGTCTGCTTTGCTGGTCCTTGACGTGATAAGATGTTTCTACGTCTT-------------------------------------------------------------------------------------------------------------------------------------------------------------------------------------------------------------------------------------------------------------------------------------------------------------------------------------------------------------------------------------------------------------------------------------------------------------------------------------------------------------------------------------------------------------------------------------------------------------------------------------------------------------------,446,Contig 1
sjnf_p_6_c_1_r_H_ITSIF_B09.ab1,87.3%,0.9%,434,----------------------------------------------------------------------------------------------------------------CTCTCACAATCCATCTCACCCTTTGTGCATCGCCGCGTGGGTCTCCCCCTTTGCGGGAGGGCTCGCGTTTTCACATAAAAACTCGATACAATGTAGAATGTTTATTTTTGCGGTCACACGCAAGCAATACAACTTTCAACAACGGATCTCTTGGCTCTCGCATCGATGAAGAACGCAGCGAAATGCGATACGTAATGTGAATTGCAGAATTCAGTGAATCATCGAATCTTTGAACGCACCTTGCGCCCCTTGGCATTCCGAGGGGCACACCCGTTTGAGTGTCGTGAAATCTTCAAAACCC-TCTTCTTTGAGGATTTTTGGACTTGGAGGTTTAATGCTCGCTTTCGCGTTCGAAGGTGAGCTCCTCTCAAAAGAATCAGTGGGGTCTGCTTTGCTGGTCCTTGACGTGATAAGATGTTTCTACGTTTCGGATT--------------------------------------------------------------------------------------------------------------------------------------------------------------------------------------------------------------------------------------------------------------------------------------------------------------------------------------------------------------------------------------------------------------------------------------------------------------------------------------------------------------------------------------------------------------------------------------------------------------------------------------------------------------,434,Contig 1
sjnf_p_1_c_9_r_A_ITSIF_D06.ab1,75.1%,0.6%,473,----------------------------------------------------------------------------------------------------------------------------ATCTCACCCTTTGTGCATCACCGCGTGGGTC-CCC--TTTGCGGGAGGGCTCACGTTTTAACATAAAAACTCGATACAGTGTAGAATGTTTATTTTTGCGGTCACACGCGATCAATACAACTTTCAACAACGGATCTCTTGGCTCTCGCATCGATGAAGAACGCAGCGAAATGCGATACGTAATGTGAATTGCAGAATTCAGTGAATCATCGAATCTTTGAACGCACCTTGCGCCCCTTGGCATTCCGAGGGGCACACCCGTTTGAGTGTCGTGAAATCCTCAAAACCCCTCTTCTTTG-GGAGTTTTGGAATTGGAGGTTTAATGCTCGCTTTTGCCTTTGAAAGTGAGCTCCTCTCAAATGAATCAGTGGGGTCTGCTTTGCTGGTCCTTGACGTGATAAGATGTTTCTACGTCTTGGATTTGGCATCGTCCCTGCTCCTAATCGTCTCATGGACAATGATGGTGCTTCCGGTCA--------------------------------------------------------------------------------------------------------------------------------------------------------------------------------------------------------------------------------------------------------------------------------------------------------------------------------------------------------------------------------------------------------------------------------------------------------------------------------------------------------------------------------------------------------------------------------------------------------,473,Contig 1
sjnf_p_1_c_4_r_A_ITSIF_B03.ab1,85.9%,0.9%,454,---------------------------------------------------------------------------------------------------------------------------------ACCCTTTGTGCATCACCGCGTGGGTC-CCC--TTTGCGGGAGGGCTCACGTTTTAACATAAAAACTCGATACAGTGTAGAATGTTTATTTTTGCGGTCACACGCGATCAATACAACTTTCAACAACGGATCTCTTGGCTCTCGCATCGATGAAGAACGCAGCGAAATGCGATACGTAATGTGAATTGCAGAATTCAGTGAATCATCGAATCTTTGAACGCACCTTGCGCCCCTTGGCATTCCGAGGGGCACACCCGTTTGAGTGTCGTGAAATCCTCAAAACCCCACTTCTTTG-GGAGTTTTGGAATTGGAGGTTTAATGCTCGCTTTTGCCTTTGAAAGTGAGCTCCTCTCAAATGAATCAGTGGGGTCTGCTTTGCTGGTCCTTGACGTGATAAGATGTTTCTACGTCTTGGATTTGGCATCGTCCCTGCTCCTAATCGTCTCATGGACAATGAT----------------------------------------------------------------------------------------------------------------------------------------------------------------------------------------------------------------------------------------------------------------------------------------------------------------------------------------------------------------------------------------------------------------------------------------------------------------------------------------------------------------------------------------------------------------------------------------------------------------------,454,Contig 1
sjnf_p_6_c_2_r_F_ITSIF_C09.ab1,91.5%,1.0%,482,------------------------------------------------------------------------------------------------------------------------------------CTTTGTGCATCGCCGCGTGGGTCTCCCCCTTTGCGGGAGGGCTCGCGTTTTCACATAAAAACTCGATACAATGTAGAATGTTTATTTTTGCGGTCACACGCAAGCAATACAACTTTCAACAACGGATCTCTTGGCTCTCGCATCGATGAAGAACGCAGCGAAATGCGATACGTAATGTGAATTGCAGAATTCAGTGAATCATCGAATCTTTGAACGCACCTTGCGCCCCTTGGCATTCCGAGGGGCACACCCGTTTGAGTGTCGTGAAATCTTCAAAACCC-TCTTCTTTGAGGATTTTTGGACTTGGAGGTTTAATGCTCGCTTTCGCGTTCGAAGGTGAGCTCCTCTCAAAAGAATCAGTGGGGTCTGCTTTGCTGGTCCTTGACGTGATAAGATGTTTCTACGTTTCGGATTCGGCATCGTCCCCGCTTCCAATCGTCCCATGGACAACGATGGTGCTTC-GGTCGCCGCCACCCTACGTT-----------------------------------------------------------------------------------------------------------------------------------------------------------------------------------------------------------------------------------------------------------------------------------------------------------------------------------------------------------------------------------------------------------------------------------------------------------------------------------------------------------------------------------------------------------------------------------------,482,Contig 1
sjnf_p_1_c_11_r_D_ITSIF_C08.ab1,55.6%,0.0%,18,---------------------------------------------------------------------------------------------------------------------------------------------------------------------------NNNNNNNNNNNNNNNNNGAGGGACNGAGAGGACTCATNCTGACTTTTTGNTAAGTTTCANCCCTTGCGATGATTTTTGTTTCGGTGTTGTCCTGCTGATATATGCTAGNTGTGGGAAGGTNAGTTGATCTAGATTTACGGTTTCTGTTTGTTAAAGGAATCTTGGTTTTGNAATCGAGGATCACTGCATTGACATGTGGATGAAAACGCAATTGCNTGTTTNTGATCGTGGTTGTTTGTTGCACATAGNTCCCCNTGTTATNCGCACGTGGATGCCTGTTNNATTGTGTTAGGCATGTCTGNCCTGGCGTGTGTTGGCCGATCAACCCTTGGTGATGGGCCTCGAAACGCTAGTTGGCGTGCGGCTGCCCTTTCGCGATTCAGANTCGGTCAGTTTGATGATTCCGGCGCCGTATGCCGTTATTCGTTTGCGCATTGTTGCCCTCCTGTCCCAAATCCCTACCCGCTGTGACTTGACCTCGTANNGGGNNGGGGGNATACCCGCTGAACTTAAGCATATCATAAATGCGGGGGANNNNNNNCCCTCCCAAAAAAAAAAACAAAGGNAGGGGGGGTNNNTTAANAAGATAANNNCCTCCCCCCTAAAANAAACAAAGTTNGGTTGNNTTATATAAGAAGGAAGATTTTTTTTNCTCCTAAAAANAAAAACAAGANNNNNGGGNNNNNTNNANAGGAAGAANANTCNNCCCCNNNNNNNAAAAANNANNNNNGGNTNTTTTTTTTGATGANAAANAGAANNNNCNCCNAANCNNNNNNNANNNNCCTNNNGNGTNTTNTTNTGGGGGGNNNANNNNNAANANNNANNTNACANNNTNNCNNAAAANANANACNNNNGGNNNCGTGTNTNTNTGTGGNGGGNNNTNNTAATATATNCNNCTNCNNANNNANTNCTNNNNCNNNNNNANACNNANNNACNNNCANNNCTNNTNNNTGNGTGGNNGGNGNNNNNTTNNTTCGTTNNNNNGNNNNNTNNNNANNNNANNANNACNNNCNN,1014,Contig 1
sjnf_p_1_c_7_r_A_ITSIF_D05.ab1,60.7%,1.9%,471,-----------------------------------------------------------------------------------------------------------------------------------------------------------------------------------------------AACTCGATACAGTGTAGAATGTTTATTTTTGCGGTCACACGCGATCAATACAACTTTCAACAACGGATCTCTTGGCTCTCGCATCGATGAAGAACGCAGCGAAATGCGATACGTAATGTGAATTGCAGAATTCAGTGAATCATCGAATCTTTGAACGCACCTTGCGCCCCTTGGCATTCCGAGGGGCACACCCGTTTGAGTGTCGTGAAATCCTCAAAACCCCACTTCTTTG-GGAGTTTTGGAATTGGAGGTTTAATGCTCGCTTTTGCCTTTGAAAGTGAGCTCCTCTCAAATGAATCAGTGGGGTCTGCTTTGCTGGTCCTTGACGTGATAAGATGTTTCTACGTCTTGGATTTGGCATCGTCCCTGCTCCTAATCGTCTCATGGACAATGATGGTGCTTCCGGTCACCGCCATCCACATCGGCGGGAGGCTGGACCCACAAAGAGAAAACCTTGACCTCAAATCGGGT------------------------------------------------------------------------------------------------------------------------------------------------------------------------------------------------------------------------------------------------------------------------------------------------------------------------------------------------------------------------------------------------------------------------------------------------------------------------------------------------------------------------------------------,471,Contig 1
sjnf_p_1_c_2_r_A_ITSIF_G01.ab1,48.4%,6.3%,318,-------------------------------------------------------------------------------------------------------------------------------------------------------------------------------------------------------------------GTTTATTTTTGCGGTCACACGCGATCAATACAACTTTCAACAACGGATCTCTTGGCTCTCGCATCGATGAAGAACGCAGCGAAATGCGATACGTAATGTGAATTGCAGAATTCAGTGAATCATCGAATCTTTGAACGCACCTTGCGCCCCTTGGCATTCCGAGGGGCACACCCGTTTGAGTGTCGTGAAATCCTCAAAACCCCTCTTCTTTG-GGAGTTTTGGAATTGGAGGTTTAATGCTCGCTTTTGCCTTTGAAAGTGAGCTCCTCTCAAATGAATCAGTGGGGTCTGCTTTGCTGGTCCTTGACGTGATAAGATG-------------------------------------------------------------------------------------------------------------------------------------------------------------------------------------------------------------------------------------------------------------------------------------------------------------------------------------------------------------------------------------------------------------------------------------------------------------------------------------------------------------------------------------------------------------------------------------------------------------------------------------------------------------------------------,318,Contig 1
sjnf_p_1_c_10_r_A_ITSIF_B12.ab1,47.6%,3.6%,84,-------------------------------------------------------------------------------------------------------------------------------------------------------------------------------------------------------------------------------------------------------------------------------------------------------------------------------------------------------------------------------------------------------------------------------------------------------------------------------------------------------------------------------------------------------------------------------------------------------------------------------TCCACATCGGCGGGAGGCTGGACCCACAAAGAGAAAACCTTGACCTCAAATCGGGTGAGACTACCCGCTGAACTTAAGCATATC--------------------------------------------------------------------------------------------------------------------------------------------------------------------------------------------------------------------------------------------------------------------------------------------------------------------------------------------------------------------------------------------------------------------------------------------------------------------------------------------------------------,84,Contig 1
sjnf_p_1_c_2_r_B_ITSIF_H01.ab1,1.3%,50.9%,399,NNNNNNNNNNNTNNNNNNNNNNCGNGGNNNGGAGGANTCCTCTANTGATNGNATCGTTGCCTTCTGTGCTGGCCAGTTCTGGCAAGTGCACGTCGGTGACTTTCATCCAATACCCT--GTGAACCTTTGGCCTCT-GCTAGCTT-TGGTGGGCAGGGGAATTTACACACACTCGAATGTAATGAAATTTATTGTCGGGCGCAAGCACTAATGTACAACTTTCAACAACGGTTCTCTGGGTTCTCGCATCGATGAAAAACGCAGCGAAATGCGATAAGTAATGTGAATTGCAAAATTCAGGGAATCATGGAATCTTTGAAGGCACCTTGCACCCTTTGGCATTCCGAAGGGTATGCTCGTTTGAGTGTCATTGTACTCTCACACTC-CCAGT-CTTTGGATT-GGA-AG-G-TGGACTTGGGTG-TGCTGGTTTACC-GGGGCTTACCCTAAATGGATTCGGGCAACTCTTGGTTGGACATAGTACGGGGGGGTAAGTGGTTTTGCGGGCACCTCACTAAAGGGGGGTTGATGGGAAGCTCGGNGCTTCAAACGGTNTTCGGACAATGACTGNCAACTTGACCTCAAATCAAGTAGGACCACCGGCTGAACTTAAGCATTANNNGGGGGGGGGGAAAAAAANNGCCGTTTTTTGGGTTTTTAANAAANAGAAGAATNTCCCCCCAAACAAAAAAAAAAATTNNNNGTTTTTTTGNNAAAAAAAAGCCCCCCCCCCCCCCNAAAAACNCNNNGTTTTTTNNNNNNNTNTAAAAANNNAAACCTCCCCCCACAAAAAAANACCNGTGTTTTTTGTGTTTATTANAAGNNNATTNCNNNNNNNAAAAAAANNNGGGTTTTTGGGGGTTTTTAGNNCANANAACACCCCCCCACANCCCNNGNNTNTTNGGGGGNTNTGTGNNNNGATAAAAAAANCCCACACNCCCTCCCCCANTANNGGNNNNTTTTNNNCGTTTCTAATAANNANANANAANNTNNNCNNTTNCNNNGAGNNNANNTNTNNNNNNATNTNTCANAAAAANANANNNANNTNNNNNCNCNNAAAATAAANNNNCNTGCTNNNNNNNNNNTNNTATNNNNNNAGGGNNNNANNTNNCCTCCCTCCNNNNNANNATCAANANNNNCTNNNNNNNNGNNNNNNATNNGNNNNNNN,1157,Contig 2
sjnf_p_1_c_11_r_A_ITSIF_H12.ab1,90.7%,0.4%,538,---------------------------------------------------------------------TG-CTGGCTCTTGCAAGTGCACGTTGGTGGCTTTCATCCAATACCCTTTGTGAACCTTTGGCCTCTTGCTAGCTTCGGCTGGCAGAGGATTTTTACAC--ACTCGAATGTAATGAAAACTATTGTCGTGCGCAAGCACTAATGTACAACTTTCAACAACGGATCTCTTGGCTCTCGCATCGATGAAGAACGCAGCGAAATGCGATAAGTAATGTGAATTGCAGAATTCAGTGAATCATCGAATCTTTGAACGCACCTTGCACCCTTTGGCATTCCGAAGGGTATGCTCGTTTGAGTGTCATTGTACTCTCACACTCTCCGATCCTATGGATTCGGGGAGCGGTGGACTTGGGTGTTGCTGCTTTCCTTGTGGCTCACCTCAAATGCGTCAGTGCACCTCTTGGTTGGACATAGTACGGCGTGATAAGTATCTTCGCCGGCGCCTCGCAA-GAGGGTGGCCGATCGGGAGCTCTGTGCTTTCAAACCGTCTCCGGACAATATCTGACAACTTGACCTCAAATCGAGTAGGACTACCCGCTGAA------------------------------------------------------------------------------------------------------------------------------------------------------------------------------------------------------------------------------------------------------------------------------------------------------------------------------------------------------------------------------------------------------------------------------------------------------------------------------------------------------------------------------------------------------------------------------,538,Contig 2
sjnf_p_1_c_1_r_C_ITSIF_B01.ab1,83.5%,0.2%,486,----------------------------------------------------------------------G-CTGGCTCCGGCAAGTGCACGCTGGTGACTTCAATCCAATACCCTT-GTGAACCATTGGCCTCTTGCTAGCTTCGGCTGGTTGAGGATATTTACACCAACTCGAATGTAATGAAAT-TATTGTTGTGCGCAAGCACTAATGTACAACTTTCAACAACGGATCTCTTGGCTCTCGCATCGATGAAGAACGCAGCGAAATGCGATAAGTAATGTGAATTGCAGAATTCAGTGAATCATCGAATCTTTGAACGCACCTTGCACCCTTTGGCATTCCGAAGGGTATGCTCGTTTGAGTGTCATTGTACTCTCACACT-TCCAATTCTTTGGATT-GGG-AGTGGTGGACTTGGGCGCTGCTGCTTTACT-GTGGCTCACCTCAAATGCATTAGTGCAACCCTTGGTTAGACATAGTACGGCGTGATAAGTGTCTTCGCTGGCGCCTCACTTTGAGGGTGGCTGATCAGGGGCTCTGTGCTT-CAAACCGTCTTTGGA-----------------------------------------------------------------------------------------------------------------------------------------------------------------------------------------------------------------------------------------------------------------------------------------------------------------------------------------------------------------------------------------------------------------------------------------------------------------------------------------------------------------------------------------------------------------------------------------------------------------------------,486,Contig 2
sjnf_p_1_c_11_r_B_ITSIF_A08.ab1,92.5%,0.0%,492,------------------------------------------------------------------------------------------------------------------CTT-GTGAACCATTGGCCTCTTGCTAGCTTCGGCTGGTTGAGGATATTTACACCAACTCGAATGTAATGAAAT-TATTGTTGTGCGCAAGCACTAATGTACAACTTTCAACAACGGATCTCTTGGCTCTCGCATCGATGAAGAACGCAGCGAAATGCGATAAGTAATGTGAATTGCAGAATTCAGTGAATCATCGAATCTTTGAACGCACCTTGCACCCTTTGGCATTCCGAAGGGTATGCTCGTTTGAGTGTCATTGTACTCTCACACT-TCCAATTCTTTGGATT-GGG-AGTGGTGGACTTGGGCGCTGCTGCTTTACT-GTGGCTCACCTCAAATGCATTAGTGCAACCCTTGGTTAGACATAGTACGGCGTGATAAGTGTCTTCGCTGGCGCCTCACTTTGAGGGTGGCTGATCAGGGGCTCTGTGCTT-CAAACCGTCTTTGGACAATGGCTGACAACTTGACCTCAAATCGAGTAGGACTACCCGCTGAACT----------------------------------------------------------------------------------------------------------------------------------------------------------------------------------------------------------------------------------------------------------------------------------------------------------------------------------------------------------------------------------------------------------------------------------------------------------------------------------------------------------------------------------------------------------------------------,492,Contig 2
sjnf_p_1_c_5_r_C_ITSIF_C04.ab1,8.9%,28.2%,482,-------------------------------------------------------------------------------------------------------------------TT-GTGAACCATTGGCCTCTTGCTAGCTTCGGCTGGTTGAGGATATTTACACCAACTCGAATGTAATGAAAT-TATTGTTGTGCGCAAGCACTAATGTACAACTTTCAACAACGGATCTCTTGGCTCTCGCATCGATGAAGAACGCAGCGAAATGCGATAAGTAATGTGAATTGCAGAATTCAGTGAATCATCGAATCTTTGAACGCACCTTGCACCCTTTGGCATTCCGAAGGGTATGCTCGTTTGAGTGTGATTGTACTCTCACACT-TCCAATTCTTTGGATT-GGG-AGTGGTGGACTTGGGCGCTGCTGCTTTACT-GTGGCTCACCTCAAATGCATTANTGCAACCCTTGGTTAGACATAGTACGGCGTGATAAGTGTCTTCGCTGGCGCCTCACTTTGAGGGTGGCTGATCAGGGGCTCTGTGCTT-CAAACCGTCTTTGGACAATGGCTGACAACTTGACCTCAAATCGAGTAGGACTACC-------------------------------------------------------------------------------------------------------------------------------------------------------------------------------------------------------------------------------------------------------------------------------------------------------------------------------------------------------------------------------------------------------------------------------------------------------------------------------------------------------------------------------------------------------------------------------------,482,Contig 2
sjnf_p_1_c_4_r_C_ITSIF_C03.ab1,93.7%,0.0%,445,--------------------------------------------------------------------------------------------------------------------T-GTGAACCATTGGCCTCTTGCTAGCTTCGGCTGGTTGAGGATATTTACACCAACTCGAATGTAATGAAAT-TATTGTTGTGCGCAAGCACTAATGTACAACTTTCAACAACGGATCTCTTGGCTCTCGCATCGATGAAGAACGCAGCGAAATGCGATAAGTAATGTGAATTGCAGAATTCAGTGAATCATCGAATCTTTGAACGCACCTTGCACCCTTTGGCATTCCGAAGGGTATGCTCGTTTGAGTGTCATTGTACTCTCACACT-TCCAATTCTTTGGATT-GGG-AGTGGTGGACTTGGGCGCTGCTGCTTTACT-GTGGCTCACCTCAAATGCATTAGTGCAACCCTTGGTTAGACATAGTACGGCGTGATAAGTGTCTTCGCTGGCGCCTCACTTTGAGGGTGGCTGATCAGGGGCTCTGTGCTT-CAAACCGTCTTTGGACAAT-------------------------------------------------------------------------------------------------------------------------------------------------------------------------------------------------------------------------------------------------------------------------------------------------------------------------------------------------------------------------------------------------------------------------------------------------------------------------------------------------------------------------------------------------------------------------------------------------------------------------,445,Contig 2
sjnf_p_1_c_2_r_D_ITSIF_A02.ab1,99.4%,0.0%,326,--------------------------------------------------------------------------------------------------------------------------------------------------------------------------CTCGAATGTAATGAAAT-TATTGTTGTGCGCAAGCACTAATGTACAACTTTCAACAACGGATCTCTTGGCTCTCGCATCGATGAAGAACGCAGCGAAATGCGATAAGTAATGTGAATTGCAGAATTCAGTGAATCATCGAATCTTTGAACGCACCTTGCACCCTTTGGCATTCCGAAGGGTATGCTCGTTTGAGTGTCATTGTACTCTCACACT-TCCAATTCTTTGGATT-GGG-AGTGGTGGACTTGGGCGCTGCTGCTTTACT-GTGGCTCACCTCAAATGCATTAGTGCAACCCTTGGTTAGACATAGTACGGCGTGATAAGTGTCT--------------------------------------------------------------------------------------------------------------------------------------------------------------------------------------------------------------------------------------------------------------------------------------------------------------------------------------------------------------------------------------------------------------------------------------------------------------------------------------------------------------------------------------------------------------------------------------------------------------------------------------------------------------------------------------------,326,Contig 2
sjnf_p_1_c_11_r_C_ITSIF_B08.ab1,87.4%,0.2%,405,--------------------------------------------------------------------------------------------------------------------------------------------------------------------------------------------------------------CTAATGTACAACTTTCAACAACGGATCTCTTGGCTCTCGCATCGATGAAGAACGCAGCGAAATGCGATAAGTAATGTGAATTGCAGAATTCAGTGAATCATCGAATCTTTGAACGCACCTTGCACCCTTTGGCATTCCGAAGGGTATGCTCGTTTGAGTGTCATTGTACTCTCACACT-TCCAATTCTTTGGATT-GGG-AGTGGTGGACTTGGGCGCTGCTGCTTTACT-GTGGCTCACCTCAAATGCATTAGTGCAACCCTTGGTTAGACATAGTACGGCGTGATAAGTGTCTTCGCTGGCGCCTCACTTTGAGGGTGGCTGATCAGGGGCTCTGTGCTT-CAAACCGTCTTTGGACAATGGCTGACAACTTGACCTCAAATCGAGTAGGACTACCCGCTGAACTTAA-------------------------------------------------------------------------------------------------------------------------------------------------------------------------------------------------------------------------------------------------------------------------------------------------------------------------------------------------------------------------------------------------------------------------------------------------------------------------------------------------------------------------------------------------------------------------,405,Contig 2
sjnf_p_1_c_1_r_D_ITSIF_C01.ab1,41.0%,9.1%,317,-------------------------------------------------------------------------------------------------------------------------------------------------------------------------------------------------------------------------------------------------------------------------------------------------CACAATTCAGTGAATCATCGAATCTTTGAACGCACCTTGCACCCTTTGGCATTCCGAAGGGTATGCTCGTTTGAGTGTCATTGTACTCTCACACT-TCCAATTCTTTGGATT-GGG-AGTGGTGGACTTGGACGCTGCTGCTTTACT-GTGGCTCACCTCAAATGCATTAGTGCAACCCTTGGTTAGACATAGTACGGCGTGATAAGTGTCTTCGCTGGCGCCTCACTTTGAGGGTGGCTGATCAGGGGCTCTGTGCTT-CAAACCGTCTTTGGACAATGGCTGACAACTTGACCTCAAATCGAGTAGGACTACCCGCTGAA------------------------------------------------------------------------------------------------------------------------------------------------------------------------------------------------------------------------------------------------------------------------------------------------------------------------------------------------------------------------------------------------------------------------------------------------------------------------------------------------------------------------------------------------------------------------------,317,Contig 2
sjnf_p_1_c_2_r_G_ITSIF_D02.ab1,29.1%,38.2%,251,TCGCTGGTCTTTTCTTTGACCGTGCACGCTCTGTCGTTCTTCATTTCTCCATCTATTTGTGCACCTCTTGCGTAGACCTTTTCTTGAGGGCTTTCCTCGGTTCGTTAGGACTGCTTTGCAAAAAAAAAGAATTTTTGGGGGCTTTTCTTGCTGCTACCCACACATACACCAGTGTAATTGTTTAGAAGGAAATGGAATTTGATGCATAATACAACTTTCACCAACGGATCTCTTGGCTCTCGCATCGATGA---------------------------------------------------------------------------------------------------------------------------------------------------------------------------------------------------------------------------------------------------------------------------------------------------------------------------------------------------------------------------------------------------,251,Contig 3
sjnf_p_1_c_5_r_G_ITSIF_F04.ab1,38.3%,26.5%,162,TCGCTGGTCTTTTCTTTGACCGTGCACGCTCTGTCGTTCTTCATTTCTCCATCTATTTGTGCACCTCTTGCGTAGACCTTTTCTTGAGGGCTTTCCTCGGTTCGTTAGGACTGCTTTGCAAAAAAAAAGAATTTTTGGGGGCTTTTCTTGCTGCTACCCACA--------------------------------------------------------------------------------------------------------------------------------------------------------------------------------------------------------------------------------------------------------------------------------------------------------------------------------------------------------------------------------------------------------------------------------------------------------------------------------------------,162,Contig 3
sjnf_p_1_c_6_r_G_ITSIF_C05.ab1,28.8%,40.1%,267,-CGCTGGTCTTTTCTTTGACCGTGCACGCTCTGTCGTTCTTCATTTCTCCATCTATTTGTGCACCTCTTGCGTAGACCTTTTCTTGAGGGCTTTCCTCGGGTCGTTAGGACTGCTTTGCAAAAAAAAAGAATTTTTGGGGGCTTTCCTTGCTACTACCAATACATACACCAGTGTAATTGTTTAGAAGGAAATGGAATTGGATGCATAATACAACTTTCACCAACGGCTCTCTTGTCTCTCGCATCGATGAAGAACGCAACGAAATGC----------------------------------------------------------------------------------------------------------------------------------------------------------------------------------------------------------------------------------------------------------------------------------------------------------------------------------------------------------------------------------,267,Contig 3
sjnf_p_1_c_4_r_G_ITSIF_G03.ab1,46.9%,28.0%,143,-------------CTTTGACCGTGCACGCTCTGTCGTTCTTCATTTCTCCATCTATTTGTGCACCTCTTGCGTAGACCTTTTCTTGAGGGCTTTCCTCGGGTCGTTAGGACGGCTTTGCAAAAAAAAAGAATTTTGGGGGGCTTTCCTTGCTGCTA--------------------------------------------------------------------------------------------------------------------------------------------------------------------------------------------------------------------------------------------------------------------------------------------------------------------------------------------------------------------------------------------------------------------------------------------------------------------------------------------------,143,Contig 3
sjnf_p_1_c_3_r_G_ITSIF_H02.ab1,12.0%,50.5%,426,--------------------CGTGCACGCTCTGTCGTTCTTCATTTCTCCATCTATTTGTGCACCTCTTGCGTAGACCTTTTCTTGAGGGCTTTCCTCGGGTCGTTAGGACGGCTTTGCAAAAAAAGAGAATTTTGGGGGGCCTTCCTTGCTGCTACCAACACATACACCAGTGTGATTGTTAAGAAGGAAATGGAATTGGATGCATAATACAACTTTCACGAACGGCTCGCTTGGCTCTCGCATCGATGAAGAACGCAGCGGAGTGCGATAAGGAATGTGAATTGCAGAATTCAGTGAATCATCGAATCTTTGAACGCATCGTGCGCTCCTTGGTTAATCCAAGGAGCATGCCTGTTTGAGTGTAATGAATGTCTCACCCACACCGGGAGGTGTGGCTTGTATTTGGGGGTTACAGACTTAGCCTGCCCCCCTGNAATGCATGAG------------------------------------------------------------------------------------------------------------------------------------------------------------------------------------------------,426,Contig 3
sjnf_p_6_c_9_r_F_ITSIF_E12.ab1,86.8%,0.4%,448,---------------------------------------------------------------------------------------------------------------------------------------CCGTGGTTCTGCGTCTTTACACACACACCGTAACAAAGTCTTGTGGAATGTGCACCGCGTTTAACGCAATACAATACAACTTTCAGCAACGGATCTCTTGGCTCTCGCATCGATGAAGAACGCAGCGAAATGCGATAAGTAATGTGAATTGCAGAATTCAGTGAATCATCGAATCTTTGAACGCACCTTGCGCCCTTTGGCTATTCCGAAGGGCATGCCTGTTTGAGTATCATGAACACCTCAACTCTCATGGTTTGCC-GTGATGAGCTTGGACTT-TGGGGGTCTTGCTGGCCTATGGTCGGCTCCTCTCAAATGAATCAGCTTGCCAGTGTTTGGTGGCATCGCGGGTGTGATAACTATCTACACTTGTGGTTTTCCACCAGATAACCTTCAGTGATGAAGGTTCGCTGGAGCTCACAAATGTCTCTCCTCGGCGAGGACAGCTTTC-----------------------------------------------------,448,Contig 3
sjnf_p_1_c_3_r_H_ITSIF_A03.ab1,69.4%,0.6%,320,-----------------------------------------------------------------------------------------------------------------------------------------------------------------------------------------------------------------------------------------TGGCTCTCGCATCGATGAAGAACGCAGCGAAATGCGATAAGTAATGTGAATTGCAGAATTCAGTGAATCATCGAATCTTTGAACGCACCTTGCGCCTCTTGGCTATTCCGAGGGGCATGCCTGTTTGAGTATCATGAACACCTCAACTCTCACGGTTTGCCCGTGATGAGCTTGGACTTCTGGAGGCTTTGCTGGCCTAAGGCCGGCTCCTCTCAAATAGATCAGCTTACCAGTGTTTGGTGGCGCCATGGGTGTGATAACTATCTACGCTTGTGGCCGTCTGCCAGGTAACCTTCAGCGATGGAGGTTTGCTGGGGCTT-------------------------------------------------------------------------------------,320,Contig 3
sjnf_p_6_c_9_r_G_ITSIF_F12.ab1,26.2%,10.9%,294,------------------------------------------------------------------------------------------------------------------------------------------------------------------------------------------------------------------------------------------------------------------------------------------------------------------------------------------------------GAAGGGCATGCCTGTTTGAGTATCATGAACACCTCAACTCTCATGGTTTGCC-GTGATGAGCTTGGACTT-TGGGGGTCTTGCTGGCCTATGGTCGGCTCCTCTCAAATGAATCAGCTTGCCAGTGTTTGGTGGCATCGCGGGTGTGATAACTATCTACACTTGTGGTTTTCCACCAGATAACCTTCAGTGATGAAGGTTCGCTGGAGCTCACAAATGTCTCTCCTCGGCGAGGACAGCTTTCTGAATGTTTTGATCTCAAATCCAGGTAGGACTACCCGCTGAACTTAAGCATAT,294,Contig 3
sjnf_p_1_c_9_r_G_ITSIF_B01.ab1,9.1%,23.6%,331,CTCTGTCGTTCTTCATTTCTCCATCTATTTGTGCACCTCTTGCGTAGACCTTTTCTTGAGGGCTTTCCTCGGGTCGTTAGGACTGCTTTGCAAAAACAATGAATTTTTGGGGGCTTTCCTTGTTGCTACCAACACAT-ACACC-AGTGTAATTGTTTAGAAGGAAATGGAATTTGATGCAT-AATACAACTTTCAGCAACGGATCTCTTGGCTCTCGCATCGATGAAGAACGCAGCGAAATGCGATAAGTAATGTGAATTGCAGAATTCAGTGAATCATCGAATCTTTGAACGCATCTTGCGCTCCTTGGTTAATCCAAGGAGCATGCCTGTTT----------------------------------------------------------------------------------------------------------------------------------------------------------------------------------------------------------------------------------------------------------,331,Contig 4
sjnf_p_6_c_7_r_B_ITSIF_C11.ab1,94.0%,0.4%,529,--------------------------------G-GGTTGTTGC-TGGTTCTCTAGGGAGCATGTGCACGCCTTGTCATCTTTATATCTCCACCTGTGCACTTTTTGTAGACCCTCCAGGGTCTATGTTGCTTCATTT-ACCCCCAATGTATGTTAATAGAA-TGTTGTGCCTATTTAATAT--ATACAACTTTCAGCAACGGATCTCTTGGCTCTCGCATCGATGAAGAACGCAGCGAAATGCGATAAGTAATGTGAATTGCAGAATTCAGTGAATCATCGAATCTTTGAACGCACCTTGCGCTCCTTGGT-ATTCCGAGGAGCATGCCTGTTTGAGTGTCATTAATATATATTATCAACCTTCTCTTGTTGAGT-GGTTTGGATGTGGGGGTTTGCTGGCCT-TGTAAAAGGG-TTCAGCTCTCCTGAAATGCATTAGCAGAAACAACCCTGTTCATTGGCGTGATAACTATCTACGCTATTGAATGTGAGGGAAAGTTCAGCTTTCTAACAGTCCTTGGACAACTC-ATCATTAATGTGACCTCAAATCAGGTAGGACTACCCGCTGAAC------------,529,Contig 4
sjnf_p_6_c_1_r_B_ITSIF_A09.ab1,84.4%,0.8%,256,--------------------------------------------------------GAGCATGTGCACGCCTTGTCATCTTTATATCTCCACCTGTGCACTTTTTGTAGACCCTCCAGGGTCTATGTTGCTTCATTT-ACCCCCAATGTATGTTAATAGAA-TGTTGTGCCTATTTAATAT--ATACAACTTTCAGCAACGGATCTCTTGGCTCTCGCATCGATGAAGAACGCAGCGAAATGCGATAAGTAATGTGAATTGCAGAATTCAGTGAATCATCGAATCTTTGAACGCACCTTGCGCTCCTTGGT-ATTCC---------------------------------------------------------------------------------------------------------------------------------------------------------------------------------------------------------------------------------------------------------------------------,256,Contig 4
sjnf_p_1_c_1_r_F_ITSIF_E01.ab1,96.0%,0.2%,478,-------------------------------------------------------------TGTGCACACCTTGTCATCTTTATATCTCCACCTGTGCATCTTTTGTAGACCTTTCAGG-TCTATGTTTCTTCATTT-ACCCC-AATGTATGTTAATAGAA-TGTTGTGACTATATAAAATCTATACAACTTTCAGCAACGGATCTCTTGGCTCTCGCATCGATGAAGAACGCAGCGAAATGCGATAAGTAATGTGAATTGCAGAATTCAGTGAATCATCGAATCTTTGAACGCACCTTGCGCTTCTTGGT-ATTCCGAGGAGCATGCCTGTTTGAGTGTCATTAATATAT-----CAATCTTCTCTTGTTGAGT-GGTTTGGATGTGGGGGTTTGCTGGCCTCTG-AAAAGGGATTCAGCTCCTCTGAAAAGCATTAGCAGAG-CGACTCTGTTCATTAGTGTGATAAATATCTATGCTATTGAATGGGTGTG---GTTCAGCTTTCTAACTGTCCTTGGACAAATTTATCATTTATGTGACCTCAAATCAGGT-----------------------------,478,Contig 4
sjnf_p_6_c_6_r_C_ITSIF_H10.ab1,97.9%,0.0%,237,----------------------------------------------------------------GCACACCTTGTCATCTTTATATCTCCACCTGTGCACTTTTTGTAGACCTGAAAGGGTCTATGTTGCTTCATTTTACCCC-AATGTATGTTAATAGAA-TGTTGTACCTATATAATAT--ATACAACTTTCAGCAACGGATCTCTTGGCTCTCGCATCGATGAAGAACGCAGCGAAATGCGATAAGTAATGTGAATTGCAGAATTCAGTGAATCATCGAATCTTTGAACGCACCTTGCGCTC---------------------------------------------------------------------------------------------------------------------------------------------------------------------------------------------------------------------------------------------------------------------------------------,237,Contig 4
sjnf_p_6_c_7_r_C_ITSIF_D11.ab1,90.6%,0.0%,266,-------------------------------------------------------------------------------TTTATATCTCCACCTGTGCACTTTTTGTAGACCTGAAAGGGTCTATGTTGCTTCATTTTACCCC-AATGTATGTTAATAGAA-TGTTGTACCTATATAATAT--ATACAACTTTCAGCAACGGATCTCTTGGCTCTCGCATCGATGAAGAACGCAGCGAAATGCGATAAGTAATGTGAATTGCAGAATTCAGTGAATCATCGAATCTTTGAACGCACCTTGCGCTCCTTGGT-ATTCCGAGGAGCATGCCTGTTTGAGTGTCATTAATATA------------------------------------------------------------------------------------------------------------------------------------------------------------------------------------------------------------------------------------------,266,Contig 4
sjnf_p_1_c_2_r_E_ITSIF_B02.ab1,7.9%,31.7%,265,------------------------------------------------------------------------------------------------------------------------------------------------------------------------------------------------------------------GCTCTCGCATCGATGAAAAACGCAGCGAAATGCGATAAGTAATGGGAATTGCAGAATTCAGTGAATCATCGAATCTTTGAACGCACCTTGCGCTCCTTGGT-ATTCCGAGGAGCATGCCTGTTTGAGTGACATTAATATATATATCGACCC-TCTCTTGTTGAGT-GGTTTGGATGTGGGGGTTTGCTGGCTTCT-TAAAT-G-ATTCAGCTCCCCTGAAATGCATTAGCAGA-ACAACCTTGTTCATTGGCGTGATAACTATCTACGCTAT------------------------------------------------------------------------------------------------------,265,Contig 4
sjnf_p_1_c_7_r_E_ITSIF_E05.ab1,13.8%,27.3%,282,------------------------------------------------------------------------------------------------------------------------------------------------------------------------------------------------------------------------------------------------------------------------------------------------------ACCTTGCGCTCCTTGGT-ATTCCGAGGAGCATGCCTGTTTGAGTGTAATTAATATATAT-ATAAACCCTCTCTTGTTGATTTGGAGTGGATGTGTCGCTTTGCTGGC-T-TCTTAAATG-ATTTTT-TCCCCTGAAATGCATTAACAGA-ACAACCTTGTTCATTGGCGTGATAACTATCTACGCTATTGAATGTGAGGGGCAGTTCAGCTTTCTAAACGTCCTTGGACAATTC-ATCATTAATGTGACCTCAAATCAGGTAGGACTACCCGCTGAACTTAAGCATATCA,282,Contig 4
sjnf_p_1_c_12_r_B_ITSIF_F08.ab1,95.0%,0.0%,496,TAGCTGGCCTTCAGGGGCATGTGCACAATCTAACACCAACTTTTTACCACCTGTGCACCCTTCGTAGACATGGATATCTTTCGAGGCAAACTCGGTTTGAGGAATGTTGTGTGCTTGCCAGCTTTTCTTACACTTCCAGTCTATATTTTTATATATACCCCTATTTGTATGTCTATTGA--ATGTCATTAATGGGCTTTAATTGCCTTTAAAATTTATACAACTTTCAACAACGGATCTCTTGGCTCTCGCATCGATGAAGAACGCAGCGAAATGCGATAAGTAATGTGAATTGCAGAATT-CAGTGAATCATCGAATCTTTGAACGCACCTTGCGCTCCTTGGTATTCCGAGGAGCATGCCTGTTTGAGTGTCATGAA-A-TTCTCAACCTATTTCAGCTTTGTTG--TTGAATCAGGCTTGGATTTGTGGGGGTT-TGCGGGCTTCAAA---AG-TCGGCTCTCCTTAAAAGT--ATTAGCATTATCTTTGTTATTTA-G-CTTTGGCGT----------------------------------------------------------------,496,Contig 5
sjnf_p_1_c_12_r_F_ITSIF_H08.ab1,95.3%,0.2%,487,-------------------------CAATCTAACACCAACTTTTTACCACCTGTGCACCCTTCGTAGACATGGATATCTTTCGAGGCAAACTCGGTTTGAGGAATGTTGTGTGCTTGCCAGCTTTTCTTACACTTCCAGTCTATATTTTTATATATACCCCTATTTGTATGTCTATTGA--ATGTCATTAATGGGCTTTAATTGCCTTTAAAATTTATACAACTTTCAACAACGGATCTCTTGGCTCTCGCATCGATGAAGAACGCAGCGAAATGCGATAAGTAATGTGAATTGCAGAATT-CAGTGAATCATCGAATCTTTGAACGCACCTTGCGCTCCTTGGTATTCCGAGGAGCATGCCTGTTTGAGTGTCATGAA-A-TTCTCAACCTATTTCAGCTTTGTTG--TTGAATCAGGCTTGGATTTGTGGGGGTT-TGCGGGCTTCAAA---AG-TCGGCTCTCCTTAAAAGT--ATTAGCATTATCTTTGTTATTTA-G-CTTTGGCGTGATAATTATCTATGTC------------------------------------------------,487,Contig 5
sjnf_p_1_c_7_r_F_ITSIF_F05.ab1,93.9%,0.0%,488,------------------------------TAACACCAACTTTTTACCACCTGTGCACCCTTCGTAGACATGGATATCTTTCGAGGCAAACTCGGTTTGAGGAATGTTGTGTGCTTGCCAGCTTTTCTTACACTTCCAGTCTATATTTTTATATATACCCCTATTTGTATGTCTATTGA--ATGTCATTAATGGGCTTTAATTGCCTTTAAAATTTATACAACTTTCAACAACGGATCTCTTGGCTCTCGCATCGATGAAGAACGCAGCGAAATGCGATAAGTAATGTGAATTGCAGAATT-CAGTGAATCATCGAATCTTTGAACGCACCTTGCGCTCCTTGGTATTCCGAGGAGCATGCCTGTTTGAGTGTCATGAA-A-TTCTCAACCTATTTCAGCTTTGTTG--TTGAATCAGGCTTGGATTTGTGGGGGTT-TGCGGGCTTCAAA---AG-TCGGCTCTCCTTAAAAGT--ATTAGCATTATCTTTGTTATTTA-G-CTTTGGCGTGATAATTATCTATGTCATGGCT------------------------------------------,488,Contig 5
sjnf_p_6_c_4_r_G_ITSIF_D10.ab1,17.6%,18.7%,433,---------------------------------------------------------------------------------------------------------------------------------------TGTTTTATAATACACCCCTTAAAATGTTACAGAATGTC-ATTGATGGTCCTGTCGTAAAAAAGCATCGTCCTTTAAAAAATATACAACTTTCAACAACGGATCTCTTGGCTCTCGCATCGATGAAGAACGCAGCGAAATGCGATAACTAATGTGAATTGCAGAATT-CAGTGAATCATCGAATCTTTGAACGCACCTTGCGCTCCTTGGTATTCCGAGGAGCATGCCTGTTTGAGTGTCATTAA-A-TTCTCAACTTCATTCAGCTTTTGTTACTTGAATGTGGCTTGGAT-TGTGGGGGTTGTGCGGGCTTCTTTG-AAG-TCGGCTC-CCTTTTAAATGCATTAGCGGAAAACCCTTGTGGACCGTCTTTGGTGTGATAATTATCTACGCCACAGCCGTGAAGCAGCTTATAAAATGGGACTTCAGCTTCTAAACCGTC,433,Contig 5
sjnf_p_6_c_6_r_F_ITSIF_B11.ab1,40.5%,4.7%,274,------------------------------------------------------------------------------------------------------------------------------------------------------------------------------------------------------------------------------------------------------------------------------------GATAAGTAATGTGAATTGCATAATT-CAGTGAATCATCGAATCTTTGAACGCATCTTGCGCTCCTTGGTATTCCGAGGAGCATGCCTGTTTGAGTGTCATTTTGACTTCTCAATTCCACATTGTTGTGTGG--GGTTGGATGTGGGGGTTATCATTT--TT-TGCAGGCTTCTGATTGAGGTCGGCTCCCCTGAAATGT--ATTAGTGGTATCTGAGCTACTGCC--ATAGGTT-TGATAATTATCTATGCCTTTGGTATGCTGCATGAACGGATTGCACTGCTT---------------,274,Contig 5
sjnf_p_1_c_10_r_C_ITSIF_D12.ab1,19.8%,11.5%,96,-----------------------------------------------------------------------------------------------------------------------------------------------------------------------------------------------------------------------------------------------------------------------------------------------------GCATATTTTCAGTGAATCATCGAATCTTTGAACGCACCTTGCGCTCCTTGGTATTCCGAGGAGCATGCCTGTTTGAGTGTCATTAA-A-TTCTCAAC-T----------------------------------------------------------------------------------------------------------------------------------------------------------------------------------------,96,Contig 5
sjnf_p_1_c_10_r_D_ITSIF_E12.ab1 (reversed),0.0%,53.8%,39,----------------------------------------------------------------------------------------------------------------------------------------------------------------------------------------------------------------------------------------------------------------------------------------------------------------------------------------------CGCTCCTTGGTATTTTGAGGAGCATACCTGTTTGAGTGT-----------------------------------------------------------------------------------------------------------------------------------------------------------------------------------------------------------,39,Contig 5
sjnf_p_6_c_9_r_C_ITSIF_B12.ab1,96.8%,0.0%,400,ACCTGTGCACATTTTTGAGGGAGTTTCGAGTTTTATTGCCGTTTTTGGTGATTTTCTTGCATTCCCTTAAATTATTATACGCTGTTAACAATGATGAACGTGCTCTGTGCCGCAAGGCCATTAATATAATACAACTTTTAACAACGGATCTCTTGGCTCTCGCATCGATGAAGAACGCAGCGAAATGCGATAAGTAATGTGAATTGCAGAATTCAGTGAATCATCGAATCTTTGAACGCACCTTGCGCTCCCTGGTATTCCGGGGAGCACGCCTGTTCGAGTGTCGCGAAATTTCTCAAGCTTGGATGGCTTTTTTGTCTGTCCTTAGCCTTGGTTGTTGGGCTTTGCCGTGTCCTTTGTTGGGACGGCTGGCCTTAAAAGCATTAGCTGATCCTCGTGT--------------------------------------------------------------------------------------------------------------------------------------------------------------------,400,Contig 6
sjnf_p_6_c_3_r_A_ITSIF_D09.ab1,33.6%,3.0%,304,--CTGTGCACATTTTTGAGGGAGTTTCGAGTTTTATTGCCGTTTTTGGTGATTTTCTTGCATTCCCTTAAATTATTATACGCTGTTAACAATGATGAACGTGCTCTGTGCCGCAAGGCCATTAATATAATACAACTTTTAACAACGGATCTCTTGGCTCTCGCATCGATGAAGAACGCAGCGAAATGCGATAAGTAATGTGAATTGCAGAATTCAGTGAATCATCGAATCTTTGAACGCACCTTGCGCTCCCTGGTATTCCGGGGAGCACGCCTGTTCGAGTGTCGCGAAATTTCTCAAGCTTGGA------------------------------------------------------------------------------------------------------------------------------------------------------------------------------------------------------------------------------------------------------------------,304,Contig 6
sjnf_p_6_c_4_r_A_ITSIF_H09.ab1,1.3%,48.5%,229,---------------------------GAGTTTTATTGCCGTTTTTGGTGATTTTCTTGCATTCCCTTAAATTATTATACGCTGTTAACAATGATGAACGTGCTCTGTGCCGCAAGGCCATTAATATAATACAACTTTTAGCAACGGATCTCTTGGCTCACGCATCGATGAAGAACGCAGCGAAATGCGATAAGTAATGTGAATTGCAGAATTCAGTGAATCATCGAATCTTTGAACGCACCTTGCGCTCCCTGAT--------------------------------------------------------------------------------------------------------------------------------------------------------------------------------------------------------------------------------------------------------------------------------------------------------------------,229,Contig 6
sjnf_p_1_c_1_r_E_ITSIF_D01.ab1,83.1%,0.2%,437,--------------------------------------------------ATTTTCTTGCATTCCCTTAAATTATTATACGCTGTTAACAATGATGAACGTGCTCTGTGCCGCAAGGCCATTAATATAATACAACTTTTAACAACGGATCTCTTGGCTCTCGCATCGATGAAGAACGCAGCGAAATGCGATAAGTAATGTGAATTGCAGAATTCAGTGAATCATCGAATCTTTGAACGCACCTTGCGCTCCCTGGTATTCCGGGGAGCACGCCTGTTCGAGTGTCGCGAAATTTCTCAAGCTTGGATGGCTTTTTTGTCTGTCCTTAGCCTTGGTTGTTGGGCTTTGCCGTGTCCTTTGTTGGGACGGCTGGCCTTAAAAGCATTAGCTGATCCTCGTGTGGTACTGGTTCTACTCAGCGTGATAACCAGTCTGATCGCTGAGG-ACATCTTTTGGGATGGCCAGTTCTCATTTGGGTTGCTTCCAAA----------------------------------------------------------------------------,437,Contig 6
sjnf_p_1_c_6_r_E_ITSIF_A05.ab1,19.9%,14.3%,272,--------------------------------------------------------------------------------------------------------------------------------------------------------------------------------------------------------------CAGAATTCAGAGAATCATCGGATCTTTGAACGCACCTTGCGCTCCCTGGTATTCCGGGGAGCACGCCTGTTCGAGTGTCGCGAAATTTCTCAAGCTTGGATGGCTTTTTTGTCTGTCCTTAGCCTTGGTTGTTGGGCTTTGCCGTGTCCTTTGTTGGGACGGCTGGCCTTAAAAGCATTAGCTGATCCTCGTGTGGTACTGGTTCTACTCAGCGTGATAAC-AGTCTGATCGCTGAGG-ACATCTTTTGGGATGGCCAGTTCTCATTTGGGTTG------------------------------------------------------------------------------------,272,Contig 6
sjnf_p_6_c_4_r_C_ITSIF_B10.ab1,60.2%,2.0%,342,---------------------------------------------------------------------------------------------------------------------------------------------------------------------------------------------------------------------------ATCATCGAATCTTTGAACGCACCTTGCGCTCCCTGGTATTCCGGGGAGCACGCCTGTTCGAGTGTCGCGAAATTTCTCAAGCTTGGATGGCTTTTTTGTCTGTCCTTAGCCTTGGTTGTTGGGCTTTGCCGTGTCCTTTGTTGGGACGGCTGGCCTTAAAAGCATTAGCTGATCCTCGTGTGGTACTGGTTCTACTCAGCGTGATAAC-AGTCTGATCGCTGAGGGACATCTTTTGGGATGGCCAGTTCTCATTTGGGTTGCTTCCAAACTTGGTTTTGCAGATTCTTCAATCTGTGTTCCACTTTTCAGCTTTGANCCTCGAATCAGGTGGGACTACCCGCT--,342,Contig 6
sjnf_p_1_c_6_r_A_ITSIF_G04.ab1,54.1%,3.9%,333,------------------------------------------------------------------------------------------------------------------------------------------------------------------------------------------------------------------------------------TCTTTGAACGCACCTTGCGCTCCCTGGTATTCCGGGGAGCACGCCTGTTCGAGTGTCGCGAAATTTCTCAAGCTTGGATGGCTTTTTTGTCCGTCCTTAGCCTTGGTTGTTGGGCTTTGCCGTGTCCTTTGTTGGGACGGCTGGCCTTAAAAGCATTAGCTGATCCTCGTGTGGCACTGGTTCTACTCAGCGTGATAAC-AGTCTGATCGCTGAGG-ACATCTTTTGGGATGGCCAGTTCTCATTTGGGTTGCTTCCAAACTTGGTTTTGCAGATTCTTCAATCTGTGTTCCACTTTTCAGCTTTGA-CCTCGAATCAGGTGGGACTACCCGCTGA,333,Contig 6
sjnf_p_1_c_3_r_F_ITSIF_G02.ab1,89.7%,0.2%,565,CTTTGTGCATCACCGCGTGGGTCCCCTTCCTCGGAGGGGGTGCTCACGTTTTTAACATTAAACACCCCATTCGAACGTATCGTAGAATGTTCTTTGCGCGATCACGCGCGATCAATACAACTTTCAACAACGGATCTCTTGGCTCTCGCATCGATGAAGAACGCAGCGAAATGCGATACGTAATGTGAATTGCAGAATTCAGTGAATCATCGAATCTTTGAACGCACCTTGCGCCCCTTGGCATTCCGAGGGGCACACCCGTTTGAGTGTCGTGAACATCCTCAACCTGCTTCGTTTTACCAAACCAAGTAGGCTTGGAATTTGGAGGTTTTCTGCTGGCCTCCTCCGAAGCCAGCTCCTCTTAAATCTATCAGTGGGATCCGCTTTGCTAGATCCTCGACGTTGATAAGATGTTTCTACGTCTTGGGTTTTGCTCGGGAAGGACCTGCTTCTAACCGTCCCATCGGGGGGACATCGTTCGAGCCGATCGCCCTTCACGGGGTGGGGAAGCTTTTCGACCCATGAAACCTTGACCTCAAATCGGGTGAGACTACCCGCTGAACTT--------,565,Contig 7
sjnf_p_1_c_9_r_F_ITSIF_H06.ab1,84.9%,0.0%,498,CTTTGTGCATCACCGCGTGGGTCCCCTTCCTCGGAGGGGGTGCTCACGTTTTTAACATTAAACACCCCATTCGAACGTATCGTAGAATGTTCTTTGCGCGATCACGCGCGATCAATACAACTTTCAACAACGGATCTCTTGGCTCTCGCATCGATGAAGAACGCAGCGAAATGCGATACGTAATGTGAATTGCAGAATTCAGTGAATCATCGAATCTTTGAACGCACCTTGCGCCCCTTGGCATTCCGAGGGGCACACCCGTTTGAGTGTCGTGAACATCCTCAACCTGCTTCGTTTTACCAAACCAAGTAGGCTTGGAATTTGGAGGTTTTCTGCTGGCCTCCTCCGAAGCCAGCTCCTCTTAAATCTATCAGTGGGATCCGCTTTGCTAGATCCTCGACGTTGATAAGATGTTTCTACGTCTTGGGTTTTGCTCGGGAAGGACCTGCTTCTAACCGTCCCATCGGGG--ACATCGTTCGAGCCGATCGCCCTTCACGG-------------------------------------------------------------------------,498,Contig 7
sjnf_p_1_c_2_r_F_ITSIF_C02.ab1,92.2%,0.0%,422,-------------------------------CGGAGGGGGTGCTCACGTTTTTAACATTAAACACCCCATTCGAACGTATCGTAGAATGTTCTTTGCGCGATCACGCGCGATCAATACAACTTTCAACAACGGATCTCTTGGCTCTCGCATCGATGAAGAACGCAGCGAAATGCGATACGTAATGTGAATTGCAGAATTCAGTGAATCATCGAATCTTTGAACGCACCTTGCGCCCCTTGGCATTCCGAGGGGCACACCCGTTTGAGTGTCGTGAACATCCTCAACCTGCTTCGTTTTACCAAACCAAGTAGGCTTGGAATTTGGAGGTTTTCTGCTGGCCTCCTCCGAAGCCAGCTCCTCTTAAATCTATCAGTGGGATCCGCTTTGCTAGATCCTCGACGTTGATAAGATGTTTCTACGTCTTGGGTTTTGCTCGGGAAGGACCTGCTTCT------------------------------------------------------------------------------------------------------------------------,422,Contig 7
sjnf_p_1_c_10_r_F_ITSIF_G12.ab1,47.0%,5.2%,485,-------------------------------------------------------------------------------------AATGTTCTTTGCGCGATCACGCGCGATCAATACAACTTTCAACAACGGATCTCTTGGCTCTCGCATCGATGAACAACGCAGCGAAATGCGATACGTAATGTGAATTGCAGAATTCAGTGAATCATCGAATCTTTGAACGCACCTTGCGCCCCTTGGCATTCCGAGGGGCACACCCGTTTGAGTGTCGTGAACATCCTCAACCTGCTTCGTTTTACCAAACCAAGTAGGCTTGGAATTTGGAGGTTTTCTGCTGGCCTCCTCCGAAGCCAGCTCCTCTTAAATCTATCAGTGGGATCCGCTTTGCTAGATCCTCGACGTTGATAAGATGTTTCTACGTCTTGGGTTTTGCTCGGGAAGGACCTGCTTCTAACCGTCCCATCGGGG--ACATCGTTCGAGCCGATCGCCCTTCACGGGGTGGG-AAGCTTTTCGACCCATGAAACCTTGACCTCAAATCGGGTGAGACTACCCGCTGAACTTAAGCATAT,485,Contig 7
sjnf_p_1_c_5_r_B_ITSIF_B04.ab1,54.3%,7.4%,538,TCTCGCACATAATCCATCTCACCCCTTTTGTGCATCACCGCGTGGGGACCCCTTTTGGCTAGTTCTGAGGGGGGTTTTCACGTTTTTACACAGACACCCTTTTAATGCAATGTGTAGAATGTCTTACTTTTTGCGATCACACGCAATCAATACAACTTTCAACAACGGATCTCTTGGCTCTCGCATCGATGAAGAACGCAGCGAAATGCGATACGTAATGTGAATTGCAGAATTCAGTGAATCATCGAATCTTTGAACGCACCTTGCGCCCTTTGGCATTCCGAGGGGCACACCCGTTTGAGTGTCGTG-ACATTCTCAAAACCTTCTTGGTTTCTTGACCGGGAAGGCTTTGGACTTTGGAGGCTTTTG---CTGGCCTTCCTTTGTTGGAGCCAGCTCCTCTGAAATGAATTAGTAGGGTCTGCTTTGCTGATCCTTGACGTGATAAGATGTTTTCTACGTCTTGGGTTTT-GCACTG-TTCGCTCTGGATCCTGCTTCTAACTGTCTCATAGAAAGACAATGTTCAAGTGATTGCCACTTG---------------------,538,Contig 8
sjnf_p_1_c_4_r_D_ITSIF_D03.ab1,4.0%,36.0%,519,----------------------------TGTGCATCACCGCGTGGGG-CCC-T-----CT----CTTTTGGCTTGNTCCGGGGAGGGGGTTTCACGTTTTTACACGAACAACCCATTAATGCATGTGTAGAATGTCTTACTTATTTTAAATACAACTTTCAACAACGGCTCTCTTGGCTCTCGCATCGATGAAGAACGCAGCGAAATGCGATACGTAATGTGAATTGCAGAATTCAGNGAATCATCGAATCTTTGAACGCACCTTGCGCCCCTTGGTATTCCGAGGGGTGCACCCGTTTGAGTGTCGTGAACACCCTC--AACCTTCTTGGTTTATCGACCGGGAAGGATT-GGACTTTGGAGGTTTTTGTTGCTGGCCT-CGTTTGA---AGCCAGCTCCTCCTAGATGAATTANTGGGGTCCGCCGTGCCGATCCTCGACGTGATAAGTACGCTTCTACGTCTTGGGGTTTCGCACCGGNTGTCGCTTCCAACTTCGAGTTGTGACTCGACCTTATAAACCTTGACCTCAAATCGGGTGATACTACCCGCTGAACTTAAGCAT,519,Contig 8
sjnf_p_1_c_3_r_D_ITSIF_E02.ab1,94.7%,1.3%,457,--------------------------------------CGCGTGGGG-CCC-T-----CT----CTTTTGGCTTGTTCCGGGGAGGGGGTTTCACGTTTTTACACGAACAACCCATTAATGCATGTGTAGAATGTCTTACTTATTTTAAATACAACTTTCAACAACGGATCTCTTGGCTCTCGCATCGATGAAGAACGCAGCGAAATGCGATACGTAATGTGAATTGCAGAATTCAGTGAATCATCGAATCTTTGAACGCACCTTGCGCCCCTTGGTATTCCGAGGGGTGCACCCGTTTGAGTGTCGTGAACACCCTC--AACCTTCTTGGTTTATCGACCGGGAAGGATT-GGACTTTGGAGGTTTTTGTTGCTGGCCT-CGTTTGA---AGCCAGCTCCTCCTAAATGAATTAGTGGGGTCCGCCGTGCCGATCCTCGACGTGATAAGTACGCTTCTACGTCTTGGGGTTTCGCACCG-TTCTCGCTTCCAACTTCGAGTTGTGACTCGACC---------------------------------------------------,457,Contig 8
sjnf_p_1_c_6_r_B_ITSIF_H04.ab1,22.6%,7.5%,212,-------------------------------------------------------------------------------------------------------------------------------------------------------------------------------------------------------AGCGAAATGCGATACGTAATGTGAATTGCAGAATTCAGTGAATCATCGAATCTTTGAACGCACCTTGCGCCCTTTGGCATTCCGAGGGGCACACCCGTTTGAGTGTCGTG-ACATTCTCAAAACCTTCTTGGTTTCTTGACCGGGAAGGCTTTGGACTTTGGAGGCTTTTG---CTGGCCTTCCTTTGTTGGAGCCAGCTCCTCTGAAATGAATTA------------------------------------------------------------------------------------------------------------------------------------------------------,212,Contig 8
sjnf_p_1_c_9_r_D_ITSIF_G06.ab1,88.2%,0.2%,468,ACCCACCATCCTCATCTCTCCACCTGTGCACATCTTGTAGATTTGGATTGACTTTCCGAGGCAACTCGGTCGGGAGGACTGCTGGCGCTAGCTAGCTTTCCTTGCATTTCCAAGTCTATGTTTTTC-ATATACCCC-ATT-GTATGTA-ACAGAATGTAAC-ACTAGGCCTTTGT-GCCTATAAAACTTATACAACTTTCAGCAACGGATCTCTTGGCTCTCGCATCGATGAAGAACGCAGCGAAATGCGATAAGTAATGTGAATTGCAGAATTCAGTGAATCATCGAATCTTTGAACGCACCTTGCGCTCCTTGGTATTCCGAGGAGCATGCCTGTTTGAGTGTCATTAAATTCTCAACCTTTATCAGCTTTTGTTGATGATGGCTTGGATATGGGGGTTTATTTTGCTGGCTTCTTCACAGATGGTCAGCTCCCCTTAAATGCATTAGCCGGTGCCCCGCGTGGACTGTCTA--------------------------------------------------------------------------------,468,Contig 9
sjnf_p_1_c_8_r_E_ITSIF_C06.ab1,0.4%,62.1%,240,------------------------------------------------------------------------------------------------------------------CCTATATAACGATATATACCCCTATTTGTATGTCTATTGACTGTCATTAATGGGCTTTAGTTGCCTTTAAAATTTATACAACTTTCAACAACGGATCTCTTGGCTCTCGCATCGATGAATATCGCAACGAAATGCGATAAGTGATGTGAATTGGAGAATTCAGCGAATCATCGAATCTTTGAACGCACCTTGCGCTCCTTGGTATTCCGAGGAGCATGCCTGTTTGAGTGTG-TGAAATTC-------------------------------------------------------------------------------------------------------------------------------------------------------------------------------------------------------,240,Contig 9
sjnf_p_6_c_7_r_E_ITSIF_F11.ab1,66.8%,1.4%,428,----------------------------------------------------------------------------------------------------------------------TGTTTTTC-ATATACCCC-ATT-GTATGTA-ACAGAATGTAAC-ACTAGGCCTTTGT-GCCTATAAAACTTATACAACTTTCAGCAACGGATCTCTTGGCTCTCGCATCGATGAAGAACGCAGCGAAATGCGATAAGTAATGTGAATTGCAGAATTCAGTGAATCATCGAATCTTTGAACGCACCTTGCGCTCCTTGGTATTCCGAGGAGCATGCCTGTTTGAGTGTCATTAAATTCTCAACCTTTATCAGCTTTTGTTGATGATGGCTTGGATATGGGGGTTTATTTTGCTGGCTTCTTCACAGATGGTCAGCTCCCCTTAAATGCATTAGCCGGTGCCCCGCGTGGACTGTCTATTGGTG-TGATAATTATCTACGCCGTGGACATCTGCAATTATATGGGTTTGCGCTG-CTTCCAATCGTCTGTTAACTCAG,428,Contig 9
sjnf_p_1_c_9_r_B_ITSIF_E06.ab1,62.5%,2.9%,379,---------------------------------------------------------------------------------------------------------------------------------------------------------------------GGGCCTT-GT-GCCTATAAACCTTATACAACTTTCAGCAACGGATCTCTTGGCTCTCGCATCGATGAAGAACGCAGCGAAATGCGATAAGTAATGTGAATTGCAGAATTCAGTGAATCATCGAATCTTTGAACGCACCTTGCGCTCCTTGGTATTCCGAGGAGCATGCCTGTTTGAGTGTCATTAAATTCTCAACCATTATCAACTTTTGCTGATAATGGCTTGGATGTGGGGGTTTATTTTGCTGGCTTCT-CA--GATAGTCAGCTCCCCTTAAATGCATTAGCCGGTGCCCCGCGTGGACTGTCTATTGGTGTTGATAATTATCTACGCTATGGACATCTGCAATCATATGGGTGTGCACTGGCTTCCAGCAGTCTGTTAA-----,379,Contig 9
sjnf_p_1_c_4_r_F_ITSIF_F03.ab1,0.0%,70.0%,10,NNNNNNNANANTNNNNNNTNGAGNNNNGANAGTACTCTATACAAGTGCCTGNGGGTGGGTGACTTACTAATGNNGGTTATGCTCTCAAGGACCACCCCCTTAGTGCAGATAGTTGGTTTTTCGAGGAACATTCCGGCAAGCGACCAGTACTTGGGTATTTAGAGGAATAATTNCNTCTATTTACAAATTTTTNGGTATTTANAGGAATTCCTCCNCCGAATTCCAGGGTTCTGGGTTTTTTGAGGAAGTNATTCCCTNAAAAAACAAAANGTNGTTNTTTANAGGAAGTATTTTCCTAAAATNAAAAGGNNTTNGNNCTTNTNGGAATTCCNNCNNNAAANCGGTTTNATTGNNNTNNTTTAGAAAAACCCCCTTTNCTNNGACACTTTTNGGGGTTTGNAAANGAGTTTNGAACTTNNAGGTNANNNNCTTGCTTTAANTTNGGNNNNNGANCTCNTCTNNNNNANTNANNGGNTCNGTTNNNTGNNNNTANNGTGNNANAGGNNCNNCGNNTNNNNTTNNNNNNTCNTNNNNGNNNGNNNNNNTNNNNNNNGNNNNNNNNGNNNNNCCGNNNNNNNNNNNANNNNNGNNNNNGNTNGNNNNNNNNNNNNNNCTNNNCNNNNNNNNNNGNNNTNNNGNNNNNNTANNNNNNNNNNNNNNNACGNGNNNNNNNNNNNNNNNNCCNNNNNNNNNNNNNNNNNNNNNNNNNNNNNNNNNNNNNNNCNANNAANANNNNNNNNNNNNNNNNGAANNNNNNNNNNNNNNNNANNNNNNNNNNNNNNNGNNNNNNNNNNNNNNCNAANNTCTNNNNNNNNNNNNGNNNNNNNNNNNNNNNNNNNNNNNGNNNCCNNNGCCCNNNNNNNNNNNNNNNNNNN,875,Contig 10
sjnf_p_6_c_9_r_D_ITSIF_C12.ab1,94.2%,0.4%,450,----------------------------------------------------------------------------GCCACTGCTGCCAGCCCACCCCCTTGATTGGGGTCCTGGGTTGAGGTGTCTGGGGAAGGGCCCAATAACAAACCTTTGAACCAATTAGTTGTCTGAGTAGGCCACCCGCCGCAATCTTTAAAACATGTTAAAACTTTCAACAACGGATCTCTTGGCTCTCGCATCGATGAAGAACGCAGCGAAATGCGATAAGTAATGTGAATTGCAGAATTCAGTGAATCATCGAATCTTTGAACGCACATTGCGCCCTTTGGTATTCCTTAGGGCATGCCTGTTCGAGCGTCACTAAAAACCCCCTCACAGATAATGTGGTATTGGTAGAAGTGAACGGTACTTACATTACCTTGTCTCACTCTGCTGAAATGAATAGGCCAGAGAAGTGGACCCATGGTAATTGACTCCAGGAGTGTTTTTCAATGCTAAACTAGTCTTTACCCAAGTCAAGTTCTG-------------------------------------------------------------------------------------------------------------------------------------------------------------------------------------------------------------------------------------------------------------------------------------------------------------------------------------------------------------,450,Contig 10
sjnf_p_6_c_9_r_E_ITSIF_D12.ab1,55.1%,1.3%,316,------------------------------------------------------------------------------------------------------------------------------------------------------TTTGAACCAATTAGTTGTCTGAGTAGGCCACCCGCCGCAATCTTTAAAACATGTTAAAACTTTCAACAACGGATCTCTTGGCTCTCGCATCGATGAAGAACGCAGCGAAATGCGATAAGTAATGTGAATTGCAGAATTCAGTGAATCATCGAATCTTTGAACGCACATTGCGCCCTTTGGTATTCCTTAGGGCATGCCTGTTCGAGCGTCACTAAAAACCCCCTCACAGATAATGTGGTATTGGTAGAAGTGAACGGTACTTACATTACCTTGTCTCACTCTGCTGAAATGAATAGGCCAGAGAAGTGGACCCATG-------------------------------------------------------------------------------------------------------------------------------------------------------------------------------------------------------------------------------------------------------------------------------------------------------------------------------------------------------------------------------------------------------------------------,316,Contig 10
sjnf_p_6_c_5_r_D_ITSIF_F10.ab1,92.2%,0.0%,425,---------------------------------------------------------------------------------------------------------------------------------------------------------------------TGTCTGAGTAGGCCACCCGCCGCAATCTTTAAAACATGTTAAAACTTTCAACAACGGATCTCTTGGCTCTCGCATCGATGAAGAACGCAGCGAAATGCGATAAGTAATGTGAATTGCAGAATTCAGTGAATCATCGAATCTTTGAACGCACATTGCGCCCTTTGGTATTCCTTAGGGCATGCCTGTTCGAGCGTCACTAAAAACCCCCTCACAGATAATGTGGTATTGGTAGAAGTGAACGGTACTTACATTACCTTGTCTCACTCTGCTGAAATGAATAGGCCAGAGAAGTGGACCCATGGTAATTGACTCCAGGAGTGTTTTTCAATGCTAAACTAGTCTTTACCCAAGTCAAGTTCTGAGCTACCGGACCCCCATTAAGTCCAAAACAGAGTGGTTGACCTCGGATCAGGTAGGGATACCCG---------------------------------------------------------------------------------------------------------------------------------------------------------------------------------------------------------------------------------------------------------------------------------------------,425,Contig 10
sjnf_p_1_c_11_r_F_ITSIF_E08.ab1,89.9%,0.0%,543,TCTGTTTACACATCCACCCACACCTGTGCATCCTCTGTAGCTCTATGGCCTGGGTGGGTTTGTCCCCCCTTGCTGTGGTTCTACGTATTTAC-ACACACACTGCCATAAAGTCTCATGGAATG--TTTGCCGCGTTTAATGCAATACAATACAACTTTCAGCAACGGATCTCTTGGCTCTCGCATCGATGAAGAACGCAGCGAAATGCGATAAGTAATGTGAATTGCAGAATTCAGTGAATCATCGAATCTTTGAACGCACCTTGCGCCCTTTGGCTATTCTGAAGGGCATGCCTGTTTGAGTATCATGAACACCTCAACTCCTCATGGTTTGCCATGATGAGCTTGGACTTTGGGGGTTTTGCTGGCCTATGGCTGGCTCCTCTCAAATGGATCAGCTTGCCAGTGTTTGGTGG-CATCGCAGGTGTGATAAATATCTACGCTTGCGGTTT-CT-ACCATA-TAGCCTTCAGCAATGAAGGTTCTCTGGAGCTCACAAATGTCCCTCCTCAGTGAGGACAGCTTTTTGAACGTTTGATCTCAAATCAGG---------------,543,Contig 11
sjnf_p_1_c_5_r_A_ITSIF_A04.ab1,86.9%,0.0%,489,-----TCACACATCCACTCACACCTGTGCACCCTCTGTAGTTCTATGGTCAGTG-GGGCCTGTCCCTC-TCACCACGGTTCTGCGTCTTTACCACACACACTGTAACAAAGTCTCATGGAATG--TGTGCCGCGTTTAACGCAATACAATACAACTTTCAGCAACGGATCTCTTGGCTCTCGCATCGATGAAGAACGCAGCGAAATGCGATAAGTAATGTGAATTGCAGAATTCAGTGAATCATCGAATCTTTGAACGCACCTTGCGCCCTTTGGCCATTCCGAAGGGCATGCCTGTTTGAGTATCATGAACACCTCAACTCTTCATGGTTTTCCATGATGAGCTTGGACTTTGGGGGTCTTGCTGGCCTGTGGTCGGCTCCTCTCAAATGAATCAGCTTGCCAGTTTTTGGTGGGCATCACAGGTGTGATAACTATCTACGCTTGTGGTTTTCC-ACCAGGGTAACCTTCAGCAGTGGAGGTTCACTGGAGCTTACAA------------------------------------------------------------------,489,Contig 11
sjnf_p_1_c_4_r_H_ITSIF_H03.ab1,79.6%,0.7%,539,-------------------ACACCTGTGCACCTTCTGTAGTTCCATGGCATGGGGGACTCTGTCCTCCCAT-C-GTGGTCCTACGTCTTTAC-ACACACCCTGTAACAAAGTCTTTTGGAATGCATATGACGCGTTTAACGCAATACAATACAACTTTCAGCAACGGATCTCTTGGCTCTCGCATCGATGAAGAACGCAGCGAAATGCGATAAGTAATGTGAATTGCAGAATTCAGTGAATCATCGAATCTTTGAACGCACCTTGCGCCCTTTGGCCATTCCGAAGGGCATGCCTGTTTGAGTATCGTGAACACCTCAACTC-TCATGGTTTGCCATGACGAGCTTGGACTTTGGGGGTCTTGCTGGCCTGTGGTCGGCTCCTCTCAAACGGATCAGCTTGCCAGTGTTTGGTGG-CACCACGGGTGTGATAACTATCTACGCTTGTGGTTT-CCCACCAGA-TAACCTTCAGCGATGGAGGTTCACTGGAGCTCATAAATGTCTCTCCTCAGTGAAGACAGCTCTTTGAACGTTTGATCTCAAATCAGGTAGGACTACCCGCTG,539,Contig 11
sjnf_p_6_c_8_r_D_ITSIF_A12.ab1,32.3%,11.8%,288,GTTGTGCACGCCTAAGCCCTCTCACA-ATCCACCTCACCCCTTTTGTGCATCACCGCGTGGGTCCTCCCTTTGCCGGGAGGGCCTGCGTTTTTATAT-AAAACTT--GACACAATGTAGAATGTTTTCTTTT-T-TTGCAATTATATGCAATCAATACAACTTTCAACAACGGATCTCTTGGCTCTCGCATCGATGAAAAACGCAGCGAAATGCGATACGTAATGTGAATTGCAGAATTCAGGGAATCATCGAATCTTTGAACGCACCTTGCGCCCCTTGGCATTCCGAGGGGC---------------------------------------------------------------------------------------------------------------------------------------------------------------------------------------------------,288,Contig 12
sjnf_p_1_c_5_r_F_ITSIF_E04.ab1,2.5%,43.1%,473,---------GCCTATGC-CTCTCACA-ATCCACCTCACCCCTTTTGTGCATCACCGCGTGGGTCCTCCCTTTGCCGGGAGGGCCTGCGTTTTTATAT-AAAACTT--GACACAATGTAGAATGTTTTCTTTT-T-TTGCAATTATATGCAATCAATACAACTTTCACCACCGGATCCCTTGGCTCTCGCTTCGTTGAAAAACGCACCGAAATGCGATACGTAATGTGAATTGCAGAATTCAGGGAATCATCGAATCTTTGAACGCACCTTGCGCCCCTTGGAATTCCGAGGGGCACACCCGTTTGATTGTCGTGAAATTCTCAAAACCCCCTTTTCTTTGATCCTTTTTTGGGGTTTGGAAAAGGAGTTTTGGACTTGGAGGTTCGATGCTTGCCTTTCACTTTTGAAAGCGAGCTCCTCTCAAATAAATTAGGGGGGTCCGCTTTGCTGATCCTTAACGTGATAAAATGTTTCTACGTTTTGGATTTG,473,Contig 12
sjnf_p_6_c_6_r_E_ITSIF_A11.ab1,98.7%,0.0%,318,--------------CACACTCTCACACATCCATCTCACCCCTTTTGTGCATCACCGCGTAGGCCCTCCCTTTGCAAGGAGGGCTTGCGTTTTCACATAAAAACTTTTGATACAGTATAGAATGTTCTTTTTTATTTTGCGGTCACACGCAATCAATACAACTTTCAACAACGGATCTCTTGGCTCTCGCATCGATGAAGAACGCAGCGAAATGCGATACGTAATGTGAATTGCAGAATTCAGTGAATCATCGAATCTTTGAACGCACCTTGCGCCCCTTGGCATTCCGAGGGGCACACCCGTTTGAGTGTCGTGAAATCATCAAAAACCC-TT------------------------------------------------------------------------------------------------------------------------------------------------------------,318,Contig 12
sjnf_p_1_c_11_r_E_ITSIF_D08.ab1,94.7%,0.5%,417,GGTCTTCTTGTGGGGACATGTGCACGCTTGTCATCTTTATCATTTCTCCAACTGTGCACGTATTTTGTAGACCTTGGGGGGAATGGAATTCGTTCCGAGTGGGGACTGCTGTGCTTCAAAAAAAATAGAGGTCGGCTTTCCCTTTGAAAGGTCTATGTCATTTTTTCACAACCAATGTGTCTAGAATGTTGTAATGAATAAAAGTTATAAAAAACAACTTTCAGCAACGGATCTCTTGGCTCTCGCATCGATGAAGAACGCAGCGAAATGCGATAAGTAATGTGAATTGCAGAATTCAGTGAATCATCGAATCTTTGAACGCATCTTGCGCTCCTTGGTATTCCGAGGAGCATGCCTGTTTGAGTGTCATTTTGAACTCTCAAAGCCCCACGTTTTGACGTGGCTTTGGACTTGAGG--,417,Contig 13
sjnf_p_1_c_4_r_E_ITSIF_E03.ab1,81.0%,2.2%,415,----TTCTTGTGGGGACATGTGCACGCTTGTCATCTTTATCATTTCTCCAACTGTGCACGTATTTTGTAGACCTTGGGGGGAATGGAATTCGTTCCGAGTGGGGACTGCTGTGCTTCAAAAAAAATAGAGGTCGGCTTTCCCTTTGAAAGGTCTATGTCATTTTTTCACAACCAATGTGTCTAGAATGTTGTAATGAATAAAAGTTATAAAAAACAACTTTCAGCAACGGATCTCTTGGCTCTCGCATCGATGAAGAACGCAGCGAAATGCGATAAGTAATGTGAATTGCAGAATTCAGTGAATCATCGAATCTTTGAACGCATCTTGCGCTCCTTGGTATTCCGAGGAGCATGCCTGTTTGAGTGTCATTTTGAACTCTCAAAGCCCCACGTTTTGACGTGGCTTTGGACTTGAGGGC,415,Contig 13
sjnf_p_6_c_10_r_E_ITSIF_H12.ab1,0.0%,18.2%,11,NNNNNNNNNNANNNNNNNNNNGNNNNNNTTNNNNGNNANNGNNNNNNNANNNNTANNNNNNANANNNGNNTNNNNNNNNNNNNNNNNNNNNNNNNGGNNNANNNCNNCNCANNNNNNNNGATCGANANNNNNNNNNNTNNNNTNNNNNNNNNNGANNNCNNGNCNNNTNGGNNNNGGNNCCGNNNNGGGGGGGGGGNNNTTTNCCNNNNTTNNNANNNNCCCCCGGGGGTCCNNGGGGCCCCGNCCGGGGGGAAACATNNNTCTTCTNNAAACNNNANANNGGNGGGNTCNNGNNAATNNCNNNTNNNGAAGGGGNNGNGAAAAANNTTTTNAAAAAAAAAAANNTTTTCAACCAANTNGGNTTTTTCTTGGNNNNCCNGNCCNTCNNAAAAAAAAAAACCCANNNNNAATNNNNTAAAAAAAAANGNGNNATTTTNNNNNNNNTCCCGNNNNNNTTTTNNNNNTTTTTNNAAANGNAAATATTGNNCCCCCNCCNGNGATNTCCCGGGGGGGGNATNCCTGNGNNAAAANNTTTTTTNNCCANAANNCCCNNAAAANNTNNNNNNNNNNTNNNNGGGNNNNNNNNNNNNNNNNNNNGAAAANGGGGGGGGGGGGGCCCCCAAAAANAGAAAAGGGGGGNNANNCCNNNNAAAANNGGGGNCCTTTNTTNNNGNNNNAAAAAANNGGNTTTTTTTTTTTNNCCCCACCCCNCGCGGGGTNTGNNCCCCCCCCCCCCGGGGAGANNCTNNTTAAAAAAAAAAANNNNCTCCCCCCCCNNTTTANAGGGGGCCCCCCCCNNNNANNNNGGNGAGAGNNNNNCCCCCCCGGGGGNNNAANNNNANNNNTNANANAGGGGGGGGGGGGNNAAAAANTCCCCCCNANAAAAAAAAAAAATTNGTTTTTTTTTTTTTTTTTTTAANAAAAAAAAAATNTCNTNCTCCAAANAAAAAAAAAAAAANNNNTTGTNTNTTGTNTTGTNTGAAGAAAAAAAATANANTNANCNNNCNNCNNNNNNN------------------------------------------------------------------------------------------------------------------------------------------------------------------------------------------------------------------------------------------------------------------------------------------------------------------------------------------------------------------------------------------------------------------------------------------------------------------------------------------------------------------------------------------------,1016,Contig 14
sjnf_p_6_c_7_r_D_ITSIF_E11.ab1,0.0%,57.1%,21,---------------------------------------------------------------------------------------------------------------------------------------------------------------------------------------------------------------------------------------------------------------------------------------------------------------------------------------------------------------------------------------------------------------------------------------------------------------------------------------------------------------------------------------------------------NNNNNNNNNNNNNNTNNNNNNNTAGAGGANAGGACNGATTCCTCTAATTCCAAGANCACGTGTANGNNGNGCTGTCCTTCCTGGTTGCGCGCGCCTATGCCCTCTCAGANCCACCTCNCCCTTTTGTGCATCACCGCGTGGGTCCTCCCTTTGCCGGGAGGGCCTGCGCTTGTATATTGGTCTTGNAACAATGATAAATGCTTAAATTTCAAAGCACTTTGGTGCATTAAAGGGAATTTTTCCCCAAAAGGATCCCTGGCTTCTCGCTTTGAGGGAAAATGATTCCCAAAAAAGAAAAACGAAATTGTGGTTTTGTAGGAGGAAAAGACTTCCCTAAATTTTACAGAACCCCTCCTTGCTTCCCCTGGAAAATTCCCCCCGGGAAAAAACCCGATTNANGGGNNTTTAAAAAAAAAAAAACCCCCCTTTAAATTAAAAANNTTTTTTTGGGNTTTTGGGAAAAGGAATTTTTNNAATTTGGAAGGGTTCGTTGGTTTGGCTTTTNCGTTTTTGAAANCCGNNCCCCCCCNCNNNNNNANTTNNNGGGGGGGCCGGTTTTGTTGGTTCCTTTAACGGGAAAAAAAGGGTTTTTTAGTTTTGGGGTNTTGGGNNNNGGNCCTTTGGGAAGGCCGGGGTTTAAATTTGGTTTCCGGGAAAAAGGGNGGGGCCCCCCNGNAAAAAACCATTTTTTTTTGGGGGGGAGGGGGGGGGCCCCCCCCCNNAAAAAAAACCCCNNNCCCCCNNNNNNNGGGGGGAAAAAACCCCCCNNNNNNNAAANNNNNANNNGGGGGGGGAAAAAAAAAAAAANTTNCCCCCCCAAAAAAAAAAANNTTTTTTTTTTTTNNAAAAAAAAANTNNNCNCCCCNNAAAAAAAANNANNTTTTTTTTTTNTNTTNAAAAAANANANNTNTNNNCNNCCNAAAAAAANNNNCTNTTTTTTTTTTTTTNNNNNNNNAANANNNNNNNCCCCNNAAAAAAANNNNNNNNNNNNNNNNNNNNNNNNNNNN,1007,Contig 14
sjnf_p_1_c_1_r_H_ITSIF_F01.ab1,,,,AGGCCGGCTTTGCCTTTTGTGCCTCCGGGTCTATGTCATTTTCCACAACCTCTCAAAACGAGTTTAGAATGTCTTATTATGTGAAATATACAACTTTCAGCAACGGATCTCTTGGCTCTCGCATCGATGAAGAACGCAGCGAAATGCGATAAGTAATGTGAATTGCAGAATTCAGTGAATCATCGAATCTTTGAACGCATCTTGCGCTCCTTGGTATTCCGAGGAGCATGCCTGTTTGAGTGTCATTTGACTTATCAACCGCTTCATGGTGAACATGGACGTGGCTTTGGATGTGGGGGTCTTTGCAGGCTTTTTTGAATCTG,,Unused Reads
sjnf_p_1_c_3_r_E_ITSIF_F02.ab1,,,,GCCCTTCGGGTGGGGCCTACGGGGCTTCCGCTTTTACACATACCCCTACGGTCTATAATGGTATATACTATAACAAATAACANCTTTCAACAACGGGTCTCTTGGNTCTCGCATCGATGAAGAACGCAAAGGAATGCGAAAGGTAATGTGAATGGCAGTATTCAAAGAATCATCGAATCTTTGAACGCATCTGGCGCTCCTGGGCATTCCATGGCCCATGCCTGTGTGAGTGTCACGGAAACCCTCACCCTTGCGATGTAAAAATTGCACGTGGTGGACTTGGACTGGGCCGGAAGTGGCTCGACCTGAAATGCATCACCTGGCGCGC,,Unused Reads
sjnf_p_1_c_5_r_E_ITSIF_D04.ab1,,,,ACGCACATTGCGCCCAATGGTATTCCATTGGGCATACCTGTTTGAGTATCTGATTCTTTTCAATTATAAAACTTTTACATATAAAAGATATATGTGTGNTTTGTTTGGAATACAATTGCCAAAAGTAAAATTCCTTATGGTATTGCTTTCTTAAAAACTANAAATACTATGTTTTGATTTTTCTTCAGCTCATTTTGTATATCATTTANCAAATGAGTACGAGTAAAAATATACNAATACTTTGGATGACCTCAAATCAGGTAGGGATACCCGCTGAACTT,,Unused Reads
sjnf_p_1_c_6_r_F_ITSIF_B05.ab1,,,,NNNNNNNNANANTNNNNNNNNNAGAGNNACAGNNTAGGACCTCTAANACNGATGCTGGNTGTGCTGGTCTCTCCTGAGGGGGTGGGGACGGTTGGCTTTTTAATTTTCCAACTGGGCCCCTTTTGGAAACCCGGGGTTTTAACTTGGTGATTTCCTTCGAGGTGGCACTGGCGGGGTTTTTTAAAGAAAAAACTTCCTTGACTTTTGGGTTTCCGGGTCTTTGGCAATTTTTCCTACCNCAAAAGGGGTTAAAATGGTGAATTAGGGGAATTTATTTTCCTAAAAAAAAGTTAATTTTCCATTTTTAGGAAAGGATTTCCTGGNTTTCNCATTNNTTGANAATGCNNNGGAATGGGNTTANTAATGNGNATTGCAAAATTCNNTGAATCNNCGAATTTTTGNACGCATCTTGNGCNNCNTGGTATTCCGAGGAGCATGCCTGGTTGAATGNCATTTCNAGTTCTCNAACCGGATTNATGNATTCTTGNTGGTGTGGCTTGGATGTGGGNGNTTNTTCATTTTTNNANGCTTCNGNCCNNNANNGCAGNTCCCNTGNAATANNTANNANNATNTGNNCTACTTANAGGTGNNNNNANTANNNANGNCNTNNNTATGCTGCNNAAAANANATGGNNNTGNTTNNNNNNGNNNNNNNCNCNNNANGGANNCCNNNTNGANNNTTNGACNTNGNATNAGTAGACTACNNNCTGANTNNNNCNTANNNNNNNNNNNNNNNNNNNNANNNNNNNNNNNTNNNNNNNNNNNNNNNNNNNNNNNNNNCTANNNNNNNNNNNNNNNNNNNNNNNNNNANNNNTCNNNNANNNNNNNNANNNNNNNNNNNNNNNNANTNNNNNNNNNNNNNNNNNNNNNNNNNNNNNNNNNNNNNNNNNCANNNNNNNNNNNNNNNNNANNNNTNNNNNNNNTTGNNCNANNNNNNNNNNNNNTTNNNNNNGGANNNNNNTNNNNN,,Unused Reads
sjnf_p_1_c_7_r_G_ITSIF_G05.ab1,,,,TTGGTTACTGACTTAGCCTGCTCCCCTGGCATGCATGGGTGGTAACGACCTCTTAATTTGTATGTCATACATATCTGCATCTGTTGGAGGGTTTTGTTGCTATACAACAGTTGTATTTGACTAAGCTTGCCCTCAAATCAGGAACGACCGCCCGC,,Unused Reads
sjnf_p_1_c_8_r_B_ITSIF_A06.ab1,,,,ATAATCAAGTTGTTTTTATCGGTCGCTTTCAAAAATCCATATCCACCTTGTGTGCAATGTCATCTCACTGGAGGTCACGGGTTGAACAAATCGGTGTGCTCCCCTTTGGTATTTATCTACACTCAGAACTATAGTGATTGTGTGTG,,Unused Reads
sjnf_p_1_c_8_r_D_ITSIF_B06.ab1,,,,CCCTTAATCCACACACACCTGTGAACCCAATGTAAGGGCCCGTAAAAAAGGCCTTTATGTCTCATCACCAACCTTTTATGTCTCATAGAATGTAAATCTATATCCTCGCCTTAAAAAAGCGTTGATAAAACTTATACAACTTTCAACAACGGATCTCTTGGCTCTCGCATCGATGAAGAACGCAGCGAAATGCGATAAGTAATGTGAATTGCAGATTTTCAGTGAATCATCGAATCTTTGAACGCACCTTGCGCTCCTTGGTATTCCGAGGAGCATGCCTGTTTGAGTGTCATTAAATTCTCAACTCCGAATCGATTTGTTTCGACTCGGAGCTTGGACTTTGGAGTGTGCTGGCGTCTGTCGGCTCCTCTTAAATGCATCAGCGGAATATAACCCCGGACATCAGTGTGATAATCGTGTTGCGCTGTCGTCAGAGGT,,Unused Reads
sjnf_p_1_c_9_r_C_ITSIF_F06.ab1,,,,GCGCGTTGCTGCCTGTGCGGAGTCGTTGAGGCCTGCCTGGTAGGGTGGGCTGGGTGGCTCTCC,,Unused Reads
sjnf_p_1_c_10_r_B_ITSIF_C12.ab1,,,,CATCAAGTTTATTTCTGAATGGTCCTTCCGC,,Unused Reads
sjnf_p_1_c_12_r_E_ITSIF_G08.ab1,,,,GGGCATGTGCACGCTTGTCAATCTTTATTTCTCCAACTGTGCACACACTGTAGACCTGGAGGGTTTTTGATTCATTCGAGTTGGCACTGCAGTGCTTAAATTAACAAAGTCTGCTTTGCCTTTGCCTTTTCAGATCTATGTCCTTTTACAATCTCAAATATGTTTAGAATGATAATAAAGTTTAAATATAACAACTTTCAGCAACGGATCTCTTGGCTCTCGCATCGATGAAGAACGCAGCGAAATGCGATAAGTAATGTGAATTGCAGAATTCAGTGAATCATCGAATCTTTGAACGCATCTTGCGCTCCTTGGTATTCTGAGGAGCATGCCTGTTTGAGTGTCATTTCAAGTTCTCAACCGCATCAATTTCTTCTGATTGGTGTGGCTTGGATGTTGGGGGTTTTATTTTGCAGGCTTCTTCTTTCTAGGAGGAAATCGGCTCCCCTGAAATAGATTAGTAGTATATCTGAGCCTACTACAAAGGTGTGATAAATTATCTATGCCTTTTCATAGTATGGCCAACTGCTTCTAACGAGTGGAAAC,,Unused Reads
sjnf_p_6_c_3_r_C_ITSIF_E09.ab1,,,,TCTCGGTTGTGCACGTCTTGTCTCATCTTTATCATTTCTCCCACTGTGCACATTTTGTAGACCCTGGAGTCTTTGGAATTCATTTTTCGTGTTGGGACTGCTGTGCTTGAAAGTCGGCTTTGCCTTGCATCTCCAGGTCTATGTTTTCATATAACCTCTCTGTTTGGAATGTTCCTATAATAAAAGTTATATACAACTTTCAGCAACGGATCTCTTGGCTCTCGCATCGATGAAGAACGCAGCGAAATGCGATAAGTAATGTGAATTGCAGAATTCAGTGAATCATCGAATCTTTGAACGCATCTTGCGCTCCTTGGTATTCCGAGGAGCATGCCTGTTTGAGTGTCATTCAAAACTTCTCAACCACATTGAATGATGTGGCTTGGATTGTGGGGGTCTTTTTTTGCAGGCTTTCTCAAGAAGGTCGGCTCCCCTGAAATGCATTAGTGGTATCTGTGCTACTATGGTGTGATAAATTATCTATGCCTTTGGTATGCTGCATGAACTGCTTCTAATTTATATCATGAATTTGACCTCAAATC,,Unused Reads
sjnf_p_6_c_3_r_D_ITSIF_F09.ab1,,,,TTTTTACCACCTGTGCACCTTCTGTAGACCTGGATAAACTCTCGAGGAAACTCGGTTTGAGGACTGCTGTGTGTAAAAGCCAGCTTTCCTTGTAACTTCCGGTCTATGTCTTTATATATA,,Unused Reads
sjnf_p_6_c_3_r_G_ITSIF_G09.ab1,,,,GTACCCGGCGTATAATAACTGTTCGCCTTGTGTCTCGAGATGTTTCTGCCGTCAAACCCCCAATTCTTCTTAGGTTGGCCTCGGATCAGGTGAGGAGATACCCGCTGGAACTTAAGCATATC,,Unused Reads
sjnf_p_6_c_4_r_B_ITSIF_A10.ab1,,,,GGAATCACGTGCTCGTGCGCTGAGTTCAAGACCGCCCCCTCTGGAAAACTTTGGTGTCCATCATCCCTCGCGGCGTAAGCTGTGGCCGGATTTGGAGTAATCGGCCCTTGACTAGCCAGGGAAGTAATTCCGCAGCTAGCAGGGCTCACCGAGTTGGTCTTAGGAGATCAGGGCGTGTCATCTGTCGCGCGGGTGCGCCGTGTCCCTCGTAAACCTTTCGTGCACGCCGGAGCGTGTCCTCTCACATGAAATCCATCTCACCCTTTTGTGCACCACCGCGTGAGCACCCTTCGGGATCAAACCCGATCCAGGAAGGGGGCTTGCGTCTTCACACAAACCCCTATCTAAAAGTGTAGAACGACCTCATTTTTGCGATAACACGCAATCAATACAACTTTCAACAACGGATCTCTTGGCT,,Unused Reads
sjnf_p_6_c_4_r_F_ITSIF_C10.ab1,,,,CAAAACTCCTGTTTTAACGGTGTTGTCTGAGCTACAAGCAACGAATCAAAACTTTCAACAACGGATCTCTTGGTTCTGGCATCGATGAAGAACGCAGCGAAATGCGATAAGTAGTGTGAATTGCAGAATTCAGTGAATCATCGAATCTTTGAACGCACATTGCGCCCCTTGGTATCCCGAGGGGCATGCCTGTTCGAGCGTCATTTCACCACTCAAGCCTGGCTTGGTGTTGGGCGACGTCCCCTTTGGGGACGCGCCTCGAAACGCTCGGCGGCGTGGCACCGGCTTTAAGCGTAGCAGAATCTTTCGCTTTGGAAGTCGGGGCCCCGTTTGCCGGAAGACCTACTCGCAAGGTTGACCTCGGATCAGGCAGGGATACCCGCTGAACTTAA,,Unused Reads
sjnf_p_6_c_5_r_B_ITSIF_E10.ab1,,,,CCTGCTTCGGCAGCCCGCCAGAGGACCCAAACCCTTGATTTTATACAGTATCTTCTGAGTAAATGATTAAATAAATCAAAACTTTCAACAACGGATCTCTTGGTTCTGGCATCGATGAAAAACGCAGCGAAATGCGATAAGTATTGTGAATTGCAGAATTCAGTGGGTCATCGAATCTTTGAACGCACATTGCGCCCGCCAGTATTCTGGCGGGCATGCCTGTGCGCGCGTGATTTCAACCCTCAAGCCCCCGGGCTTGGTGTTGGAGATCGGCGTGCCCCCCCGGGGCGCGCCGGCTCCCAAATATAGG,,Unused Reads
sjnf_p_6_c_5_r_G_ITSIF_G10.ab1,,,,TGGTCATTGTAGAGGAATATCTTCCCTAAATACCCAAGGCCGTGGGTTTTTTAAGGAAGTTTTCCCCTCAATGAAAAAGTTCTTGTGTTTTTTAAAGGAATACTTTCCTGCAAAAAAAAAATGTGTTGTGCATTTAGAGGAAGAATCTTCTAAA,,Unused Reads
sjnf_p_6_c_7_r_F_ITSIF_G11.ab1,,,,TTTTTGTTAATCAGGGTGGACTTGCATGCTGTCGAGTAACAAACGGCTCGTCTGAAATGCCTGAGTGTACCCTGCTTTGCAGCGTATTCGGNGTGATAAACATCTTCACCGGAGTTGACTTTCGGGTCGCGCTTGTACTGATTGGCTCTATGCCTTCTAACCGTCCTGACAAGGCCATCTTTGTACAATTTGACCTCAAATTCGGGTGGGACTACCCGCTGAACTT,,Unused Reads
sjnf_p_6_c_8_r_C_ITSIF_H11.ab1,,,,CTGGGATTCCGCCCGGCATGCCTGAACGAGCGTCATTAAATACCACTCAATCTCTTCTGCTTGGTCATGGAAGAAGATAATGCTTGAATCCTCTCTTCTGAAATCGAACGGCGGACTGCCTCATGTGCCTCGCGTAGTAAGTTCATCTTTTCGCTTGGAGTGTGAGATAGTCTCGCCATCAACCCCCATACTTCTAAGGTTGACCTCGGGATCAGGTAGGGATACCCGCTGAACT,,Unused Reads
sjnf_p_6_c_10_r_B_ITSIF_G12.ab1,,,,AATGCGAATTGCAGAATTCCGTGAGTCATCGAATCTTTGAACGCACATTGCGCCACCCGGCTTCCCGGGGGGCATGCCTGTCCGAGCGTCATTGCCATCCCCTCAAGCTCTGCTTGGCTTGTTGGGCCGGCGTCCGCCCGGGGCTTCGCCTCGGGGGGATGGGCCCGAAAGGCAGTGGCGGCTCCCGGAGGGTGGTCCTTTGGGTGGTGATACATGGGTGTCTTCTTCCACCGCTCTGCTGGCCACGCTCCGGGG,,Unused Reads
