Name,Sample,Sequence,Sequence List Name
Contig 1,385 documents,TGCGGAAGGAWCATTATTGAAATWAACCTGATGGGTTGTTGCTGGYTCTCTAGGGAGCATGTGCACNNCCTTGTCATCTTTATATCTCCACCTGTGCACTTTTTGTAGACCTTTCRGGTCTATGTTGCTTCATTTTACCCCAATGTATGTTAATAGAATGTTGTGCCTATATAATATATACAACTTTCAGCAACGGATCTCTTGGCTCTCGCATCGATGAAGAACGCAGCGAAATGCGATAAGTAATGTGAATTGCAGAATTCAGTGAATCATCGAATCTTTGAACGCACCTTGCGCTCCTTGGTATTCCGAGGAGCATGCCTGTTTGAGTGTCATTAATATATATCAACCNTNCTCTYTKKTGNAGANTGGTTTGGATGTGGGGGTTTGCTGGCCTCTTWWWYGWWKRAKMWSHSYNCTNCTGWAMTGCATTAGCASAACAAMMNNTNGTTCATTGGKGTGATAACTATCTACGCTATTGAATGTGAGGKGGNCAGWTCAGCTTTCTAACAGTCCTTGGACAAYTCATCATTAATGTGACCTCAAATCAGGTAGGACTACCCGCTGAACTTAAGCATATCATA,Consensus Sequences
Contig 2,385 documents,TTATTGAATGANACTTGGTGTGGTTGTYGCTGGCCNNCTTTCGGRGGCATGTGCACACCCRCCATCCTCATCTCTCCACCTGTGCACCTCTTGTAGAYTTGGATTGACTTTCCGAGGCAACTCGGTCGGGAGGAYTGCTGGCACTAGCTGGCTTTCTTTGCATTTCCAGGTCTACGTTTTTCATATACCCCATTGTATGTAACAGAATGTAAYATTAGGCCYTTGTGCCTATAAACCTTATACAACTTTCAGCAACGGATCTCTTGGCTCTCGCATCGATGAAGAACGCAGCGAAATGCGATAAGTAATGTGAATTGCAGAATTCAGTGAATCATCGAATCTTTGAACGCACCTTGCGCTCCTTGGTATTCCGAGGAGCATGCCTGTTTGAGTGTCATTAAATTCTCAACCTTTATCAGCTTTTGCTGATGATGGCTTGGATGTGGGGGTTTATTTTGCTGGCTTCTTYRCAGATGGTCAGCTCCCCTTAAATGCATTAGCCGGTGCCCCGCGTGGACTGTCTATTGGTGTGATAATTATCTACGCCGTGGACATCTGCAATYATATGGGTTTGCACTGCTTCCAATCGTCTGTTGAMTCAGACAATACATGACAATTTGACCTCAAATCAGGTAGGACTACCCGCTGAACTTAAGCATATCATAACCCCGGAGGA,Consensus Sequences
Contig 3,385 documents,WCTTATCGTACGATGGGGGTACGACGGCTGTCGCTGACTTTTTAGTCGTGCACGCCCGAGTGCTCTCACATACAAATATCCATCTCACCCCTTTGTGCATCACCGCGTGGGTCCCCTTCCTCGGAGGGGGTGCTCACGTTTTTAACATTAAACACCCCATTCGAACGTATCGTAGAATGTTCTTTGCGCGATCACGCGCGATCAATACAACTTTCAACAACGGATCTCTTGGCTCTCGCATCGATGAAGAACGCAGCGAAATGCGATACGTAATGTGAATTGCAGAATTCAGTGAATCATCGAATCTTTGAACGCACCTTGCGCCCCTTGGCATTCCGAGGGGCACACCCGTTTGAGTGTCGTGAACATCCTCAACCTGCTTCGTTTTACCAAACCAAGTAGGCTTGGAATTTGGAGGTTTTCTGCTGGCCTCCTCCGAAGCCAGCTCCTCTTAAATCTATCAGTGGGATCCGCTTTGCTAGATCCTCGACGTTGATAAGATGTTTCTACGTCTTGGGTTTTGCTCGGGAAGGACCTGCTTCTAACCGTCCCATCGNGGGACATCGTTCGAGCCGATCGCCCTTCACGGGGTGRGAAGCTTTTCGACCCATGAAACCTTGACCTCAAATCGGGTGAGACTACCCGCTGAACTTAAGCATATCATA,Consensus Sequences
Contig 4,385 documents,CGTAGTGACTGCGGAGGATCATTAATGAGTTGTGATGGGGTTTGATGCTGGCAGCCAATTTTTGGATGCATGTGCTTGCCCTAACAATCATCTTCTAAACACCTGTGCACATTTTTGAGGGAGTTTCGAGTTTTATTGCCGTTTTTGGTGATTTTCTTGCATTCCCTTAAATTATTATACGCTGTTAACAATGATGAACGTGCTCTGTGCCGCAAGGCCATTAATATAATACAACTTTTAACAACGGATCTCTTGGCTCTCGCATCGATGAAGAACGCAGCGAAATGCGATAAGTAATGTGAATTGCAGAATTCAGTGAATCATCGAATCTTTGAACGCACCTTGCGCTCCCTGGTATTCCGGGGAGCACGCCTGTTCGAGTGTCGCGAAATTTCTCAAGCTTGGATGGCTTTTTTGTCTGTCCTTAGCCTTGGTTGTTGGGCTTTGCCGTGTCCTTTGTTGGGACGGCTGGCCTTAAAAGCATTAGCTGATCCTCGTGTGGYACTGGTTCTACTCAGCGTGATAACAGTCTGATCGCTGAGGACATCTTTTGGGATGGCCAGTTCTCATTTGGGTTGCTTCCAAACTTGGTTTTGCAGATTCTTCAATCTGTGTTCCACTTTTCAGCTTTGACCTCGAATCAGGTGGGACTACCCGCTGAACTTAAGCATATCAT,Consensus Sequences
Contig 5,385 documents,CATTATTGNATAAGCTTGGTTGGGTTGTAGCTGGCCTTCWGGGGCATGTGCACAATCTAACACCAACTTTTTACCACCTGTGCACCCTTCGTAGACATGGATATCTTTCGAGGCAAACTCGGTTTGAGGAATGTTGTGTGCTTGCCAGCTTTTCTTACACTTCCAGTCTATATTTTTATATATACCCCTATTTGTATGTCTATTGAATGTCATTAATGGGCTTTAATTGCCTTTAAAATTTATACAACTTTCAACAACGGATCTCTTGGCTCTCGCATCGATGAAGAACGCAGCGAAATGCGATAAGTAATGTGAATTGCAGAATTCAGTGAATCATCGAATCTTTGAACGCACCTTGCGCTCCTTGGTATTCCGAGGAGCATGCCTGTTTGAGTGTCATGAAATTCTCAACCTATTTCAGCTTTGTTGTTGAATCAGGCTTGGATTTGTGGGGGTTTGCGGGCTTCAAAAGTCGGCTCTCCTTAAAAGTATTAGCATTATCTTTGTTATTTAGCTTTGGCGTGATAATTATCTATGTCATGGCTTAAGAGTAACTTGAAATAAGATCATGCTTCAAATTGTCTATAACTTTATTACTTTGACCTCAAATCAGGTAGGACTACCCGCTGAACTTAAGCATATCWAAAGGGGGG,Consensus Sequences
Contig 6,385 documents,GWCATTACYGAAYYGTCGACACGAGTTGTTGCTGGTCCTCARATGGGGGCATGTGCACGCTCTGTTTACACATCCACTCACACCTGTGCACCCTCTGTAGTTCTRTGGCCTGGGSGACTCTGTCCNCCTTGCNCGYGGTTCTRCGTCTTTACACACACACCNGTAACAAAGTCTYRTGGAATGTGCAYCGCGTTTAACGCAATACAATACAACTTTCAGCAACGGATCTCTTGGCTCTCGCATCGATGAAGAACGCAGCGAAATGCGATAAGTAATGTGAATTGCAGAATTCAGTGAATCATCGAATCTTTGAACGCACCTTGCGCCCTTTGGCTATTCCGAAGGGCATGCCTGTTTGAGTATCATGAACACCTCAACTCTCATGGTTTGCCATGATGAGCTTGGACTTTGGGGGTCTTGCTGGCCTNATGGTCGGCTCCTCTCAAATGAATCAGCTTGCCAGTGTTTGGTGGCATCGCRGGTGTGATAACTATCTACRCTTGTGGTTTTCCAYCAGATAACCTTCAGTGATGRAGGTTCGCTGGAGCTCACAAATGTCTCTCCTCNGGCGAGGACAGCTTTCTGAACGTTTGATCTCAAATCAGGTAGGACTACCCGCTGAACTTAAGCATATCATTAA,Consensus Sequences
Contig 7,385 documents,HMTTATTGATTGTGAATGGTTGCCTTCAGTGCTGGCTCCGGCAAGTGCACGCTGGTGACTTCMATCCAATACCCTTGTGAACCATTGGCCTCTTGCTAGCTTCGGCTGGTTGAGGATATTTACACCAACTCGAATGTAATGAAATTATTGTTGTGCGCAAGCACTAATGTACAACTTTCAACAACGGATCTCTTGGCTCTCGCATCGATGAAGAACGCAGCGAAATGCGATAAGTAATGTGAATTGCAGAATTCAGTGAATCATCGAATCTTTGAACGCACCTTGCACCCTTTGGCATTCCGAAGGGTATGCTCGTTTGAGTGTCATTGTACTCTCACACTTCCAATTCTTTGGATTGGGAGTGGTGGACTTGGGCGCTGCTGCTTTACTGTGGCTCACCTCAAATGCATTAGTGCAACCCTTGGTTAGACATAGTACGGCGTGATAAGTGTCTTCGCTGGCGCCTCACTTTGAGGGTGGCTGATCAGGGGCTCTGTGCTTCAAACCGTCTTTGGACAATGGCTGACAACTTGACCTCAAATCGAGTAGGACTACCCGCTGAACTTAAGCATATCAATA,Consensus Sequences
Contig 8,385 documents,GTGACTGCGGNGGATCATTATYGAAATAAACCTGATGAGGTTGTTGCTGGCTCTCTAGGGAGCATGTGCACGCCTTGTCATCTTTATATCTCCACCTGTGCACTTTTTGTAGACCTCTCCANGGTCTATGTTGCTTCATTTACCCCCAATGTATGTTAATAGAATGTTGTGCCTATATAATATATACAACTTTCAGCAACGGATCTCTTGGCTCTCGCATCGATGAAGAACGCAGCGAAATGCGATAAGTAATGTGAATTGCAGAATTCAGTGAATCATCGAATCTTTGAACGCACCTTGCGCTCCTTGGTATTCCGAGGAGCATGCCTGTTTGAGTGTCATTAATATATANTATCAACCTTCTCTTGTTGAGTGGTTTGGATGTGGGGGTTTGCTGGCCTTGTAANAAGGNTTCAGCTCTCCTGAAATGCATTAGCAGAACAACNCTGTTCATTNGGYGTGATAACTATCTACGCTATTGAATGTGAGGGNAGTTCAGCTTTCTAACAGTCCTTGGACAANTNCATCATTNAATGTGACCTCAAATCAGGTAGGACTACCCGCTGAACTTAAGCATATCATTAAAGGGGGGAGGGANTGCCCYTTTGCTTMYCAATAAA,Consensus Sequences
Contig 9,385 documents,TCATTANCGGATCGGCYSACACGAGTTGTTGCTGGTCCCCAGACCGGGGTCAKGTGCACRCTCTGTTTACACATCCACYCACACCTGTGCANCCTCTGNAGSTCTWTGGCCTGKGTGGGWNTTGTCCCCYCTTGCTGTGGTTCTACGTMTTTACACACACACTGSCATAAAGTCTCATGGAATGTKTGCCGCGTTTAACGCAATACAATACAACTTTCAGCAACGGATCTCTTGGCTCTCGCATCGATGAAGAACGCAGCGAAATGCGATAAGTAATGTGAATTGCAGAATTCAGTGAATCATCGAATCTTTGAACGCACCTTGCGCCCTTTGGCTATTCYGAAGGGCATGCCTGTTTGAGTATCATGAACACCTCAACTCNTCATGGTTTGCCATGATGAGCTTGGACTTTGGGGGTTTTGCTGGCCTATGGCTNGGCTCCTCTCAAATGGATCAGCTTGCCAGTGTTTGGTGGCATCGCAGGTGTGATAACTATCTACGCTTGNCGGTKTCTACCATATAGCCTTCAGCGATGAAGGTTCKCTGGAGCTCACAAATGTCTCTCCTCAGTGAGGACAGCTTTTTGAACGTTNTGATCTCAAATCAGGTAGGACTACCCGCTGAACTTAAGCATATCATTAAAACGGGGGG,Consensus Sequences
Contig 10,385 documents,CATTATCGTATAACAGAGGTGTAAGGGCTGTCGCTGACCTTTAANGGTTGTGCACGCCTAAGCCCTCTCACAATCCACCTCACCCCTTTTGTGCATCACCGCGTGGGTCCTCCCTTTGCCGGGAGGGCCTGCGTTTTTATATAAAACTTGACACAATGTAGAATGTTTTCTTTTTTNGCAATTATATGCAATCAATACAACTTTCAACAACGGATCTCTTGGCTCTCGCATCGATGAAGAACGCAGCGAAATGCGATACGTAATGTGAATTGCAGAATTCAGTGAATCATCGAATCTTTGAACGCACCTTGCGCCCCTTGGCATTCCGAGGGGCACACCCGTTTGAGTGTCGTGAAATTCTCAAAACCCCCTTTTCTTTGATCCTTTTTTGGGGTTTGGAAAAGGAGTTTTGGACTTGGAGGTTCGATGCTTGCCTTTCACTTTTGAAAGCGAGCTCCTCTCAAATAAATTAGTGGGGNTCCGCTTTGCTGATCCTTAACGTGATAANATGTTTCTACGTTTTGGATTTGGCACTGTCCTTTGGATGCCTGCTTCTAACTGTCTCACGGACAATGATGGTGCTCCGGTCACTACCATTTATATTGGTGGAAGGCTGGACCCACATAAATAAAACCTTGACCTCAAATCGGGTGAGACTACCCGCTGAACTTAAGCATATCATA,Consensus Sequences
Contig 11,385 documents,WCATTATCGTACANACGGAGGCGCGAGGGCTGTCGCTGACCTTCGAAGGTCGTGCACGCCCGAGCSCTCTCACAATCCATCTCACCCTTTGTGCATCGCCGCGTGGGTCTCCCCCTTTGCGGGAGGGCTCGCGTTTTCACATAAAAACTCGATACAATGTAGAATGTTTATTTTTGCGGTCACACGCGAGCAATACAACTTTCAACAACGGATCTCTTGGCTCTCGCATCGATGAAGAACGCAGCGAAATGCGATACGTAATGTGAATTGCAGAATTCAGTGAATCATCGAATCTTTGAACGCACCTTGCGCCCCTTGGCATTCCGAGGGGCACACCCGTTTGAGTGTCGTGAAATCTTCAAAACCCTCTTCTTTGAGGATTTTTGGACTTGGAGGTTTAATGCTCGCTTTCGCGTTCGAAGGTGAGCTCCTCTCAAAAGAATCAGTGGGGTCTGCTTTGCTGGTCCTTGACGTGATAAGATGYTTCTACGTTTCGGATTCGGCATCGTCCCCGCTTCCAATCGTCCCATGGACAACGATGGTGCTTCGGTCGCCGCCACCCTACGTTGGCGGGAGGCYGGACCCACGAAACGAACATTGACCTCAAATCGGGTGAGACTACCCGCTGAACTTAAGCATATCA,Consensus Sequences
Contig 12,385 documents,ARATCCCCCCAAAAWAAAAAAMRRWSTYYGTKTTTTTTWKRRAGARWAAHTTCYCTCYCSAAAAAAAARMANWRNGTNGKTTTTTTTTTTTGASKKKTCTRMAYAAAMYAAAAAARGAGGGGGGGCRSCCCCGCSCCCSCYSRWKATAYWWWTTTTTTTWMAWWAAARRARTRGGGGGGGGGGGGK,Consensus Sequences
Contig 13,385 documents,ACATACYGTACAAGCGGWGGTGCAAGGGCTGTCGCTGGCCTTCAAAGGTCGTGCACGCCCGGGCCCTCTCACAATCCATCTCACCCTTTGTGCATCACCGCGTGGGTCCCCTTTGCGGGAGGGCTCACGTTTTAACATAAAAACTCGATACAGTGTAGAATGTTTATTTTTGCGGTCACACGCGATCAATACAACTTTCAACAACGGATCTCTTGGCTCTCGCATCGATGAAGAACGCAGCGAAATGCGATACGTAATGTGAATTGCAGAATTCAGTGAATCATCGAATCTTTGAACGCACCTTGCGCCCCTTGGCATTCCGAGGGGCACACCCGTTTGAGTGTCGTGAAATCCTCAAAACCCCTCTTCTTTGGGAGTTTTGGAATTGGAGGTTTAATGCTCGCTTTTGCCTTTGAAAGTGAGCTCCTCTCAAATGAATCAGTGGGGTCTGCTTTGCTGGTCCTTGACGTGATAAGATGTTTCTACGTCTTGGATTTGGCATCGTCCCTGCTCCTAATCGTCTCATGGACAATGATGGTGCTTCCGGTCACCGCCATCCACATCGGCGGGAGGCTGGACCCACAAAGAGAAAACCTTGACCTCAAATCGGGTGAGACTACCCGCTGAACTTAAGCATATCA,Consensus Sequences
Contig 14,385 documents,ACTGCRGAGGAWCATTATTGAAATTACCGGTGAGGGTTGTAGCTGGCCTTTCGGGGCATGTGCACGCTCGAGCCTTTAATCCAACACACACCTGTGAACCCAATGTAAGGGCCCGTAAAAAAGGCCCCTACGTCTTTATCACCAACNCTNTATNTCATAGAATGTAATCCATATCTTCGCCTTAAACAAGCGTTGGTAAACTTTATACAACTTTCAACAACGGATCTCTTGGCTCTCGCATCGATGAAGAACGCAGCGAAATGCGATAAGTAATGTGAATTGCAGATTTTCAGTGAATCATCGAATCTTTGAACGCACCTTGCGCCCCTTGGTATTCCGAGGGGCATGCCTGTTTGAGTGTCATTAAATTCTCAACTCTGATTTGATTTGTTTCNGANTCAGAGCTTGGACTTGGAGTGTGCTGGCGTCTAGTCGGCTCCTCTCAAATGCATCAGCGGAATTAGAACCTTTGRTTTCCGGAYGTCGGTGTWATAATAAAGTTGCGCCGTCTTTCGACTTCAAAGTCCGCTTATAATGGTCTTCGGACGAACTCTTATATCAAATTTGACCTCAAATCAGGTAGGACTACCCGCTGAACTTAAGCATATCAATA,Consensus Sequences
Contig 15,385 documents,CATTATTGAANTAAACCTGATAGGTTGTTGCTGGCTTCCTAGCATGTGCACACCTTGTCATCTTTATATCTCCACCTGTGCATCTTTTGTAGACCTTTCAGGTCTATGTTTCTTCATTTACCCCAATGTATGTTAATAGAATGTTGTGACTATATAAAATCTATACAACTTTCAGCAACGGATCTCTTGGCTCTCGCATCGATGAAGAACGCAGCGAAATGCGATAAGTAATGTGAATTGCAGAATTCAGTGAATCATCGAATCTTTGAACGCACCTTGCGCTTCTTGGTATTCCGAGGAGCATGCCTGTTTGAGTGTCATTAATATATCAATCTTCTCTTGTTGAGTGGTTTGGATGTGGGGGTTTGCTGGCCTCTGAAAAGGGATTCAGCTCCTCTGAAAAGCATTAGCAGAGCGACTCTGTTCATTAGTGTGATAAMTATCTATGCTATTGAATGGGTGTGGTTCAGCTTTCTAACTGTCCTTGGACAAATTTATCATTTATGTGACCTCAAATCAGGTAGGACTACCCGCTGAACTTAAGCATATCAWAAAAGGCGGGGGGGGAAAKTKWWGGGGGGAGWWYTTCTCTCCAAAAAAAGAAAAAAGASYT,Consensus Sequences
Contig 16,385 documents,WCATTATNGCGWTATAAGCGAGGGTTGTCGCTGGCCTCKTCGGGGCATGTGCACGCCCGAGCTCTTAAATCCACAACACACCTGTGAACCCACCGTAGGCCTTCGGGCTTATGTATCATATACTCTGWATGTGTCATAGAATGTNCATGTTGCCTTAAAACGCAATCAAATACAACTTTCAACAACGGATCTCTTGGCTCTCGCATCGATGAAGAACGCAGCGAAATGCGATAAGTAATGTGAATTGCAGATTTTCAGTGAATCATCGAATCTTTGAACGCACCTTGCGCTCCTTGGTATTCCGAGGAGCATGCCTGTTTGAGTGTCATTAAATTCTCAACCCCACCGATTTGCTTCGGNTNGGGGATTGGACTTGGAGCGTGCTGGCGAAGGTCGGCTCCTCTTTAAATGCATCAGTGGAGAGARACTCGCCCCAGTGTGATAATCCTGTTGCGCTGTGGTGGGTGAAAGTCTGCTTCCAACCGTCCNTCCGGGACATACAYCATCTNTATTTTGACCTCAAATCAGGTAGGACTACCCGCTGAACTTAAGCATATCANANNNNCGGGGAGGANACGYKCNANMKNNTCGCCCCTTCACGGGGTGAAGAAGCTTTTYGACCCATCGAWCCTNTGACCTCAAATCGGGTGWKTACTACCCGMTGAACTTAAGCATATCMA,Consensus Sequences
Contig 17,385 documents,TTATTGAATAGCATGACGAGTTGTCGCTGGTCTTTTCTTTGACCGTGCACGCTCTGTCGTTCTTCATTTCTCCATCTATTTGTGCACCTCTTGCGTAGACCTTTTCTTGAGGGCTTTCCTCGGKTCGTWAGGACTGCTTTGCAAAAACAATGAATTTTTGTGGGCTTTCCTTGYCGCTACCAACACATACACCAGTGTAATTGTTTAGAAGGAAATGGAATTTGATGCWTAATACAACTTTCAGCAACGGATCTCTTGGCTCTCGCATCGATGAAGAACGCAGCGAAATGCGATAAGTAATGTGAATTGCAKAATTCAGTGAATCATCGAATCTTTGAACGCATCTTGCGCTCCTTGGTTAATCCAAGGAGCATGCCTGTTTGAGTGTCATTAATGTCTCAMCCACACCGTGAGGTGTGGCTTGGATTTGGGGGTTACAGGCTTAGTCTGCTCCCCTGAMATGCATGAGTGGTAACGACCTCTCCATWAGGATGTGATACATATCTGCATCTGRTTGAGGGTYTGGCTGCTATACAAGAGTTGKATTTGATAAACTTGACCTCAAATCAGGTASGACCACCCGCTGAACTTAAGCATATCAAT,Consensus Sequences
Contig 18,385 documents,CATTATTGANTAASATTTGAACAGGCTGTTGCTGTCCCTTCCTTTGGTTKGGGTACGTGCACGCTTGTCATCTTTATTTCTACCCACTGTGCACATATTGTAGACCTGAGAGCTTTTGATTCATTTTCGAGTTGGGACTGCTGCACGAAAAGTTCAGCTTTGCCTTGCATTTTCAGGTCTATGTCATCTTCACAAACCTCTAGAATTGTTTGGAATGTTAAATGCAAAGGTCATTTTGTACCTATAAAGTTTATATACAACTTTCAGCAACGGATCTCTTGGCTCTCGCATCGATGAAGAACGCAGCGAAATGCGATAAGTAATGTGAATTGCAGAATTCAGTGAATCATCGAATCTTTGAACGCATCTTGCGCTCCCTGGTATTCCGAGGAGCATGCCTGTTTGAGTGTCATTTAAGTTCTCAACCACGAACAACTTTGTTGTATTGTGGCTTGGATGTGGGGGGATATCTTGCAGGCTTTTACGAGTCTGCTCCCCTGAAATGCATTAGTAGTATCTGAGCAGAAACTACAAGGTGTGATAATTTATCTATGCCCTTTAGTATGCTGCAGGAAAAACCAGATCACACTGCTTCCAACATGTTTTATTTTTGACAAATTTGACCTCAAATCAGGTAGGACTACCCGCTGAACTTAAG,Consensus Sequences
Contig 19,385 documents,CAATCGGGCCCCCAAGCAAACACATCCATGTGTACACTCCCATGTTGCTTCCCCAGATCAGTGGCCACTGCTGCCAGCCCACCCCCTTGATTGGGGTCCTGGGTTGAGGTGTCTGGGGAAGGGCCCAATAACAAACCTTTGAACCAATTAGTTGTCTGAGTAGGCCACCCGCCGCAATCTTTAAAACATGTTAAAACTTTCAACAACGGATCTCTTGGCTCTCGCATCGATGAAGAACGCAGCGAAATGCGATAAGTAATGTGAATTGCAGAATTCAGTGAATCATCGAATCTTTGAACGCACATTGCGCCCTTTGGTATTCCTTAGGGCATGCCTGTTCGAGCGTCACTAAAAACCCCCTCACAGATAATGTGGTATTGGTAGAAGTGAACGGTACTTACATTACCTTGTCTCACTCTGCTGAAATGAATAGGCCAGAGAAGTGGACCCATGGTAATTGACTCCAGGAGTGTTTTTCAATGCTAAACTAGTCTTTACCCAAGTCAAGTTCTGAGCTACCGGACCCCCATTAAGTCCAAAACAGAGTGGTTGACCTCGGATCAGGTAGGGATACCCGCTGAACTTAAGCATATCA,Consensus Sequences
Contig 20,385 documents,TATTGTATAGCCGAGGTGGCARGGGCTGTCGCTGACCTTTCAAAGGTTGTGCACGCCCGAGCACACTCTCACACATCCATCTCACCCCTTTTGTGCATCACCGCGTAGGCCCTCCCTTTGCAAGGAGGGCTTGCGTTTTCACATAAAAACTTTTGATACAGTATAGAATGTTCTTTTTTATTTTGCGGTCACACGCAATCAATACAACTTTCAACAACGGATCTCTTGGCTCTCGCATCGATGAAGAACGCAGCGAAATGCGATACGTAATGTGAATTGCAGAATTCAGTGAATCATCGAATCTTTGAACGCACCTTGCGCCCCTTGGCATTCCGAGGGGCACACCCGTTTGAGTGTCGTGAAATCATCAAAAACCCTTTTTCTTTGAAAAGGRKTTTTGGACTTGGAGGTTCCATGCTTGCCTTTGCCTTTGAAGGTGAGCTCCTCTCAAATAAATTAGTGGGGTCCGCTTTGCTGATCCTTAATGTGATAAGATGTTTCTACATTTTGGGATTTAGCACTGTCCCTTGGATGCCTGCTCCTAACTGTCTTTTGGACAATGATGGTGCTCCGGTCATCGCCATCTACATTGGCGAGAGGCTGGACCCACAAAAAAAAACCCTTGACCTCAAATCGGNTGAGACTACCCGCTGAACTTAAGCATAT,Consensus Sequences
Contig 21,385 documents,GWCATTATTGGATAAGCTGGTTGGGTTGTTGCTGGCTCTCCGGGGCATGTGCACACCTGACACCAACTTTTTTACCACCTGTGCACCTTCTGTAGACCTGGATAAACTCTCGAGGAAACTCGGTTTGAGGACTGCTGTGTGTAAAAGCCAGCTTTCCTTGTAACTTCCGGTCTATGTCTTTATATATACCCTTACAGTATGTCTAAGAATGTTTGTTGTTGGGCTTYAATGCCTTTAAACTTAATACAACTTTCAACAACGGATCTCTTGGCTCTCGCATCGATGAAGAACGCAGCGAAATGCGATAAGTAATGTGAATTGCAGAATTCAGTGAATCATCGAATCTTTGAACGCACCTTGCGCTCCTTGGTATTCCGAGGAGCATGCCTGTTTGAGTGTCATGAAATTCTCAACCTTTTCAGCTTTCTTTGTTGATCAGGCTTGGATGTGGGAGTATGCGGGCTTCTCAGAAGTCGGCTCTCCTGAAATGCATTAGCGGGACCTTTGTTGCCTGGCTTTGGTGTGATAATTATCTACGCCATTGTGGTCAAGCAGCTTAAAATGAGGTTTCAGCTTCTAACCGTCTCCCCCTGAGACAACTTTTTGACAATTTGACCTCAAATCAGGTAGGACTACCCGCTGAACTTAAGCATA,Consensus Sequences
Contig 22,385 documents,CATTACAGAAAGTAAACGCGGATCAAACCGCGAACTTCTAAACCTTTGACGATTGACTCATGTTGCCTCGGCGGGTTCTCCCGCCAGAGGATAGATCAAAACTCCTGTTTTAACGGTGTTGTCTGAGCTACAAGCAACGAATCAAAACTTTCAACAACGGATCTCTTGGTTCTGGCATCGATGAAGAACGCAGCGAAATGCGATAAGTAGTGTGAATTGCAGAATTCAGTGAATCATCGAATCTTTGAACGCACATTGCGCCCCTTGGTATCCCGAGGGGCATGCCTGTTCGAGCGTCATTTCACCACTCAAGCCTGGCTTGGTGTTGGGCGACGTCCCCTTTGGGGACGCGCCTCGAAACGCTCGGCGGCGTGGCACCGGCTTTAAGCGTAGCAGAATCTTTCGCTTTGGAAGTCGGGGCCCCGTTTGCCGGAAGACCTACTCGCAAGGTTGACCTCGGATCAGGCAGGGATACCCGCTGAACTTAAGCATATCAWTAAGGCGGADGCAAAGTCCGCTTATAATGNTCTTCGGACGAACTCTTATATCAAATTTGACCTCAAATCAGGTANGGACTACCCGCTGAACTTAAGCATAT,Consensus Sequences
Contig 23,385 documents,WCATTACAGAAAGTAANCGCGGATCAAACCGCGAACTTTTAANCCTTTGACGATTGACTCATGTTGCCTCGGCGGGTTCTCCCGCCAGAGGATACATCAAAACTCCTGTTTTAACGGTGTTGTCTGAGCTACAAGCAACGAATTAAAACTTTCAACAACGGATCTCTTGGTTCTGGCATCGATGAAGAACGCAGCGAAATGCGATAAGTAGTGTGAATTGCAGAATTCAGTGAATCATCGAATCTTTGAACGCACATTGCGCCCCTTGGTATCCCGAGGGGCATGCCTGTTCGAGCGTCATTTCACCACTCAAGCCTGGCTTGGTGTTGGGCGACGTCCCCTTTAGGGACGCGCCTCGAAACGCTCGGCGGCGTGGCACCGGCTTTAAGCGTAGCAGAATCTTTCGCTTTGAAAGTCGSDNCCCCGTCTGCCGGAAGACCTACTCGTAAGGTTGACCTCGGATCAGGCAGGGATACCCGCTGAACTTAAGCATATCAATA,Consensus Sequences
Contig 24,385 documents,GCACGCTTGTCTCATCTTTATTTTMTCCAACTGTGCACATTTTGAGACCTGGAGCTTATTTGAATAATTTTCATTGTTCGCGTTGGAGACTGCTGTGCTCTCTTGGATGGGAGTCAGCTGTGCCCTTTTGTAGTTTCCCAGGTCTATGTTTTTACCACAAACTCTTCAAATGTGTTTTAKAATGTTAAATTCAGGTGCTTTTTGTACCTATAAAAATGAAATATACAACTTTCAGCAACGGATCTCTTGGCTCTCGCATCGATGAAGAACGCAGCGAAATGCGATAAGTAATGTGAATTGCAGAATTCAGTGAATCATCGAATCTTTGAACGCATCTTGCGCTCCTTGGTATTCCGAGGAGCATGCCTGTTTGAGTGTCATTTTGACTTCTCAATTCCACATTGTTGTGTGGGGTTGGATGTGGGGGTTATCATTTTTTGCAGGCTTCTGATTGAGGTCGGCTCCCCTGAAATGTATTAGTGGTATCTGAGCTACTGCCATAGGTTTGATAATTATCTATGCCTTTGGTATGCTGCATGAACGGATTGCACTGCTTCTAACAAAGTTGGTTGTTGAACCACGTCTTGACGAATTTGACCTCAAATCAGGTAGGACTACCCGCTGAACTTAAGCATATCA,Consensus Sequences
Contig 25,385 documents,TCATTACTGAACTGTCGACACGAGCTGTTGCTGGYCCTCGAAAGGGGGCATGTGCACGCTCTGTYTACACATCCACTCACACCTGTGCACCCTCTGTAGTTCTGTGGCCTYGGGGACTCTGTCCTCTTGCTGTGGTCCTACGTMTTTACAYACACACMGTAAYACAGTCTCATGGAATGYANGTCGCGTTTAACGCAATACAATACAACTTTCAGCAACGGATCTCTTGGCTCTCGCATCGATGAAGAACGCAGCGAAATGCGATAAGTAATGTGAATTGCAGAATTCAGTGAATCATCGAATCTTTGAACGCACCTTGCGCCCTTTGGCTATTCYGAAGGGCATGCCTGTTTGAGTATCATGAACACCTCAACTCTCRTGGTCCGCCAYGATGAGCTTGGACTTTGGRGGTMTTGCYGGCCTARCNGTCRGCTCCTCTCAAATGGATCAGCTTGCCAGTGTTTGGTGGCRTCACAGGTGTGATAACTATCTACGCTYGTGGTCTTCTGCCATGTAACCTTCAGYGATGGAGGTTCGCTGGAGCTCACAGATGTCTCTCCTCAGGGAGGACAGCATTTTGAACGTTTGATCTCAAATCAGGTAGGACTACCCGCTGAACTTAAGCATATCATA,Consensus Sequences
Contig 26,385 documents,CATTATAGTACAACGGAGGCACCTGGGCTGTCGCTGACCTTAAAGGACGTGCACGCCCGGAGTGCTCTCTCACATCCATCTCACCCCTTTGTGCATCACCGCGTGGGGCCCTCTCTTTTGGCTTGTTCCGGGGAGGGGGTTTCACGTTTTTACACGAACAACCCATTAATGCATGTGTAGAATGTCTTACTTATTTTAAATACAACTTTCAACAACGGATCTCTTGGCTCTCGCATCGATGAAGAACGCAGCGAAATGCGATACGTAATGTGAATTGCAGAATTCAGTGAATCATCGAATCTTTGAACGCACCTTGCGCCCCTTGGTATTCCGAGGGGTGCACCCGTTTGAGTGTCGTGAACACCCTCAACCTTCTTGGTTTATCGACCGGGAAGGATTGGACTTTGGAGGTTTTTGTTGCTGGCCTCGTTTGAAGCCAGCTCCTCCTAAATGAATTAGTGGGGTCCGCCGTGCCGATCCTCGACGTGATAAGTACGCTTCTACGTCTTGGGGTTTCGCACCGTTCTCGCTTCCAACTTCGAGTTGTGACTCGACCTTATAAACCTTGACCTCAAATCGGGTGAGACTACCCGCTGAACTTAAGCAT,Consensus Sequences
Contig 27,385 documents,CTGCGGAGGATCATTATTGNAATAAACCTGATGGGTTGTTGCTGGTTCTCTAGGGAGCATGTGCACGCCTTGTCATCTTTATATCTCCACCTGTGCACTTTTTGTAGACCTTTCAGGTCTATGTTTGCTCATTTTACCCCAATGTATGTCGATAGAATGTTGTGCCTTTATAATGTATACAACTTTCAGCAACGGATCTCTTGGCTCTCGCATCGATGAAGAACGCAGCGAAATGCGATAAGTAATGTGAATTGCAGAATTCAGTGAATCATCGAATCTTTGAACGCACCTTGCGCTCCTTGGTATTCCGAGGAGCATGCCTGTTTGAGTGTCATTAATATAATCAACCTTCTCTTCTTGAGTTGGCTTGGATGTGGGGGGTTTTTATATGCTGGCCTTTCCAAAGTTCAGCTCCCCTGAAATGCATTAGCAGAACAACCCTTGTTCATTGGTGTGATAACTATCTACGCTATTGGATGTGAGGGGGCAGTTCAGCTTTCTAACAGTCTTCGGACAATTCATCATTTAATGTGACCTCAAATCAGGTAGGACTACCCGCTGAACTTAAGCAT,Consensus Sequences
Contig 28,385 documents,ATTATTGANATAAACCTGATGAGTTGTTGCTGGCTCTCTAGAGAGCATYGTGCACGCTTGTCATCTTTATGTCTCCACCTGTGCACATTTTGTAGACCTGGATCACTCTCTGAAATGCTAACCAGCATTTTAGGTTGGAGGAATTTGACTTTGTTGTCTTTCCTTGCATTTCTAGRTCTATGTTCTTTTTCATATAATCTTATTGTGATATAATGCACCCTATATAATATAAACCTATACAACTTTCAGCAACGGATCTCTTGGCTCTCGCATCGATGAAGAACGCAGCGAAATGCGATAABTRNTGTGAATTGCAGAATTCAGTGAATCATCGAATCTTTGAACGCACCTTGCGCTCCTTGKTATTCCGAGGAGCATGCCTGTTTGAGTGTCATTAATATATCAACCTCTTTAAATTTTGAGAGTGTTTGGATGTGGGGGTGTTATTTTG,Consensus Sequences
Contig 29,385 documents,CAGGGYACRCTTGTAGWAGCCTKTGCAGCCACGCAAGWGNTAGMTCTAKGCGACTTTAAACAAYCCTATSAKCGCYATKCAAGTMGRCCYACGCATGTGRTGCCGKCGACACTTTCGAATTGACGGNGATACCCTAAAGCCTGTCRCACSAACWCTGTRTGKKAAACCSCTGGNGSSMCCGTRCWAACTACWMGRGRTGNWAACAGACGACACGGAWACMTCMACGCMTWTTWGGWGTGGMTACCAKGNNCAAWMCGCAGCGAAGCCWCTAASWCCGGYTGCCGGATACGAKGAACGTTSASAKWCTAAGTGNAAGTGNWGNWGCGTTCGCYGCWCTGCTTASGATRTASTSGGWMYCCTTGNTMMACTARGKKGRTGASTACACTGCCCGAAATTTAAACTTGAGCGCGTCTCGRWCAGYGCTCATGTTAGARTTTCGAGACTGYSGATTGCCTCGMGGWTCGACGSCTCTTAAAAYGWKCCGTASGTGAAYCTGCGGAMGNNTCATTACAGAAAGTAAACGCGGRTCAAAYCGCGAACTTCTAAACCTWTGACGAKTGAYTCATSTNGCCWMGNCGGTTCTCCCGCWANAGKGTACATCRAAACTCCTGTTKYAACSANGTTGWCTGANCTACAAGCAACGAATCAMAMCTTNTCWWCAACGGATCTCTTGGTTCTCGCATCGATGAAGAACGCAGCGAAATGCGATAARTAGTGTGAATTGCAGAATTCAGTGAATCATCGAATCTTTSAACGCRCATTGCGCCTTTCGGTATTCCGGAGGGCWTGCCTGTTCGAGAGTSRTTGACWACCGTTTCAATMSCTTTTATAWTATTCAAKGGCTTGGTTGTGGTGGATGAGGTGATGCACGCACTTTTGCTGAGTTACCTCCCCACCGAAATCTAGAGGCGGTCTGTCCCCACRTSGTTGTGGCGTTGTATAAGCTSTMCAGMACTTTCCGMWTGCAATCGTRSKKTSATGKCTAGMCATTATAGAACCCCCCAYAKWYCAAAGGTTGRCCTCGGATCAGGGTATGGATMCCCGCTGAACTTAAGCATATCGGTACTTTTRGGRGGAAWAA,Consensus Sequences
Contig 30,385 documents,TGACTGYGGASGWSATYATCATGTCRCTCAGTCATGCTGCCGCGTGAACTGTACAARCCCACTCTGCGTACCTCTCCTGTTGCTTCCGCTGGDCCTGMAGCATTTTCAGATGAGTTGTCTCCCGCACAGTCAATTGCTGCGTGGAGTTGGTAACTCTCAAKTGACTGCTCTGGATTCACATGCCCAGCGGGAGRATACTTAATTTCTGGATTTACTAWYCCMNNNGWCTGAACANATGAACCAAAAAAAAATGTTMWWWCTTTCAGCAACGGATCTCTTGGTTCTCGCATCGATGAAMGAACGCAGCGAAATGCGATAAGTAGTGTGAATTGCAGAATTCAGTGAATCATCSAATCTTTGAACGCACATTGCGCCTTTCGGCATTCCGGAGGGCATGCCTGTTCGAGAGTCATTAACAACCAGTTCAATCCCTCTTAAAAAATATTTGGGGGATTGGTTATTGGTGAATGAGGGGATGCGTGCATCACGTTGAATCACCTCACCACCGAAATTCAGAGGCGGTTTGTCCCCACGTGTTTGTGGCGTTGTAAAGGCTTACCAGCACTATTCGCTCGCATCGTGGGTGCACTGCTTGCCATTGGAGAAATCCCCATTCATCAAAGGTTGACCTCGGATCAGGTAGGGATACCCGCTGAACTTAAGCATATCAT,Consensus Sequences
Contig 31,385 documents,ACAATGGMGKYGCTGCGSCTGGCGCTGACTTTTGMWAGGGTSSTGCACACCTCGGTGCTCTCGCACATAATCCATCTCACCCCTTTTGTGCATCACCGCGTGGGGACCCCTTTTGGCTAGTTCTGAGGGGGGTYTTCACGTTTTTACACAGACACCCTTTTAATGCAATGTGTAGAATGTCTTACTTTTTGCGATCACACGCAATCAATACAACTTTCAACAACGGATCTCTTGGCTCTCGCATCGATGAAGAACGCAGCGAAATGCGATACGTAATGTGAATTGCAGAATTCAGTGAATCATCGAATCTTTGAACGCACCTTGCGCCCTTTGGCATTCCGAGGGGCACACCCGTTTGAGTGTCGTGACATTCTCAAAACCTTCTTGGTTTCTTGACCGGGAAGGCTTTGGACTTTGGAGGCTTTTGCTGGCCTTCCTTTGTTGGAGCCAGCTCCTCTGAAATGAATTAGTRGGGTCTGCTTTGCTGATCCTTGACGTGATAAGATGTTTTCTACGTCTTGGGTTTCGCACTGTTCGCTNCTGSNATCCTGCTTCTAACTGWCTCATAGWCAAGACAATGTNCAMGTGATTGACCACTTGAACGACCWCAAWTCGGGTGAGACTACCCGCTGAA,Consensus Sequences
Contig 32,385 documents,GTTGCTGGCCTCTTCTTTTCGAGGGGGCAATGTGCACTCCCTGAACAATTCACAATTTCCATCACACCCTTGTGCACATCTKGTAGGCGCCCACTCACCTCTCTTGGTWGSGGCGTMCTATGTATTCCTTCATMTCACACKKTANVGAATGNYGCTCTWGRACGCATMTCATGAATTATKTGKAAARRAGTAMTCACAGAAACAACTTTCAACAATGGATCTCTTGGCTCTCGCATCGATGAMRWACGCAGCGARATGCGATACGTAATGTGAATTGCAGAATTCMGTGAATCATCGAATCTTTGAACGCRCCTTGCGCCTCTTGATATGCTKATTYBCTCWATTGCWARAAAARACAYWRNATCCTCAAAAKAAAAKCTTAWCTGCTTTTCTCTTTTTGGAATTGGAGCGTGCTGKCCTTCKGNWTGGNAASCCCAGCTCCTCTGAAATACATTAGCGATGTGACATCCGCATGNCACCACGCTTCTCCGGCATTGATAGTATCTTCATGCCTGAGCGTGTTGTGCAGCTGTGNAAWGTTTTGCTCGCTCATAGCTTGATGGNNTCAGCCCATCCTTTGACCAATTTAACCTCAAATCAGNTANNATTACCCGCTGAACTTAAGCATATMAA,Consensus Sequences
Contig 33,385 documents,ATTATTGAAATAAACCTGATGGGTTGTTGCTGGTTCTCTAGGGAGCATGTGCACGCCTTGTCATCTTTATATCTCCACCTGTGCACTTTTTGTAGACCTTTNCAGGTCTATGTTGCTTCMTTTACCCCAATGTATGTTAATAGAATGTTGTGGCTATATAAATATATACAACTTTCAGCAACGGATCTCTTGGCTCTCGCATCGATGAAGAACGCAGCGAAATGCGATAAGTAATGTGAATTGCAGAATTCAGTGAATCATCGAATCTTTGAACGCACCTTGCGCTCCTTGGTATTCCGAGGAGCATGCCTGTTTGAGTGTCATTAATATATAAATCAAACCTTCTCTTGATGAGTGGTTTGGATGTGGGGGTTTGCTGGCAGCCTCTTTGAGGATTCAGCTCCCCTGAAATGCATTAGCAGAACAAACCCGTTCATTGGTGTGATAACTATCTACGCTATTGAATGTGAGGTGGCAGTTCAGCTTTCTAACAGTCTTTGGACAAATTCATCATTAATGTGACCTCAAATCAGGTAGGACTACCCGCTGAACTTAAGCATA,Consensus Sequences
Contig 34,385 documents,SSCTGTGACATACYAWTTGTYKCSTCGGMGGTGCCTGMTTCGRBAGCCCGCCANASGACCCAARCCCWTGATTTTATRCRGTATVKBCTGRGTAWATGWTYAAATARATCRAWACTTKSWHMAACGGAWHTCTTGGTTCTGGHATCGATRAAGAACGCAYCGARATGYGWYAAGTAATGWGRATTGCAKAATTCAGYGAATSATYKAATCTTTGAACGCACATTGCGCCCGCCADTATTCTGKYGGGYATGYCTGTTCGMKCGTCATTTCRACSCTCAARCYCCCGGGCTTGGDGTYGGAGATCGGHGTGCCCCCCCGGGGCGCGYCRGCTCCCARATATAKTGGSGKYCTCGCKGTAGMTKCCTCTGCGWAGTAGCACWCCTCGSACTGDAAAACAGCGWGGCCASGCCGTTAAASCCCCCACTTBTGAAASGTTGRCCTSGGATSAGGTAGGAATACCCGCTGAMCTTA,Consensus Sequences
Contig 35,385 documents,ACAAAAAATGTGTTGAGGCATGCAAGGGCTGTCGCTGCAGTGGCTGTAACGGCCCAAAGTCGGSAATGCGAGGTGATGTTTCCACAACGGAATCACGTGCTCGTGCGCTGAGTTCAAGACCGCCCCCTCTGGAAAACTTTGGTGTCCATCATCCCTCGCGGCGTAAGCTGTGGCCGGATTTGGAGTAATCGGCCCTTGACTAGCCAGGGAAGTAATTCCGCAGCTAGCAGGGCTCACCGAGTTGGTCTTAGGAGATCAGGGCGTGTCATCTGTCGCGCGGGTGCGCCGTGTCCCTCGTAAACCTTTCGTGCACGCCGGAGCGTGTCCTCTCACATGAAATCCATCTCACCCTTTTGTGCACCACCGCGTGAGCACCCTTCGGGATCAAACCCGATCCAGGAAGGGGGCTTGCGTCTTCACACAAACCCCTATCTAAAAGTGTAGAACGACCTCATTTTTGCGATAACACGCAATCAATACAACTTTCAACAACGGATCTCTTGGCTCTCGCATCGATGAAGAACGCAGCGAAATGCGATACGTAATGTGAATTGCAGAATTCAGTGAATCATCGAATCTTTGAACGCACCTTGCGCCCCTTGGTATTCCGAGGGGCACACCCGTTTGAGTGTCGTGAAATTCTCAACCTCCTCGGTTTCTTCTGGACACCGAAGGAGGCTTGGACTTTGGAGGCCTTTGCTGGCGTCTCTCTCGCCAGCTCCTCTCAAATGAATTAGCGGGGGTCCTCTTTGCCGATCCTCGACATGTGATAAGATGTTTCCGTGTCTTGGCTTATGGCTCTGTTGCTTTTTGGGACCCGCTTCTAGCCGTCTCGTCGAGACAACGTCCGAGCGTGTCTCCCTTCTCGGNAAACACTCTCATNCCCACGAANCCCTTGACNTCAAATCGGGNGAGACTACCCGCTGAAC,Consensus Sequences
Contig 36,385 documents,AGCSTATGCAACCTCACSMGGGTCCGCGACTATAAAKATAGAATGCWRGTSGCKATGGCGRCAACATGATCKAATTGCGGNGATATCCTAMWGCCTAGCGRTACCAACACGTKGAAGRAATYCAGGGTGGNCCAGTGCTAATCACACTGSAGGTCAGAATCTGCTAGGATGCTACAATGGACAATCCGCAGCGAAGCCCCTAAMGGMGCAAGCCCACGSNNAACGTYCACAGRCTAAGTGKWCGTGRRTAGGCGAGTCCWGCTYARGATATAGWCGRNSTCTTTGGGAAACCAACAGGKRTAAWMYGTTCMGWRGNTSANCCTGCGGAAGGATCRNTACAGAGWTCATGCCCTWCGGGGTAGAYCWCCSACCCTTGTGTATCATTRTASNATGTTRCWTCGNCGAANAAGMGCCCTCRNGCGCCKAGRTTCGCGTCTAGCGWGCACGCCAGAGNACCCCTAAACTSTGAATGTTAGTGTCGTCNGAAWACTATTAAATNSNNNAAACTTWCAANNNCGNGATMTCTTGNTTCNGACATCGATGAASAACGCASCGAAATGCGATAAGTANTGTGANTTGCASWATTCAGTGAATCATCKAATCTTTGAACGCACATTGCGCCCAATGGTATTCCATTGGGCATACCTGTTTGMGTRTCWGAWTCYTTTCAATTATRAAACTTTTACATATAMAMGATATATGTGWRNTTTGTKWGGAATACARTTGMYAAAAGTMRMATTCYTTRTGGTATTGCTTTCTTAAAAAYTANAAATACTATGTTTTGAKTTTTSTTCWGCTCATTTTGTATATCATTTANCAAATGAGTRCGAGTMRAAATATWSNAATACTTTGGATGACCTCAAATCAGGTAGGGATACCCGCTGAACTTAAGCATATCA,Consensus Sequences
Contig 37,385 documents,GAATTTGGAGGCTGTSGCTGGCTAGRTGATTCTAGCATGTGCACGTCTACACTTTTAAACACACTTGTGAACCCATTGTAGATCGAGTCCATCGAAAAGTAGCATCGAACTACCTAATAGAGGGCTAATTGGCTTATCGAAAAGTAACCTAATAGAGGCTTATTGAAAAGTAGTGTGAACTACCTAATAGAAAGCTTACCGAAAAGTACCTAATAGAGAGCTAGTTGGCTTATCGAAAAGTGGTGAGAAACTATCTAATAGAGGGCTGAGTTGGCTCATCGAAACGTAGTTAATAGAGGGCTGGTTGGCTTATCGAAAAGTATGAGGCTTATTGAAAAGTAGTGTGAACTACCTAATAGAAAGCTTTAGTACCTAATAGAGAGCTAGTTGGCTTATCGAAAAGACTACCTAATAGAGGGACCCAGAAGATCTATGTTTAATTTACACCACATCGNATGTCCAGAAAATATAAATAAATTACAWCTTTCAGCWATGNATCTCTTGGTTCTCGCATCGATGAAGAACGCAGCGAATCGCGATAAGTAATGTGAATTGCAGATTTTCAGTGAATCATCGWATCTTTGAACGCACCTTGCGCCCCTTGAYATTCCGAGGGGCATGCCTGTTTGWGTGTCATTTTATCATCAACTCATTAGTCTTTGATTAGKCTTTTGNKCTTGGACTTGNGAATTGCTGGNTTGATCTTTTTTACCCATTGAACAGWATCTAATACTTAATAGAGGGAAAAAAAGTGTAGYCGGGCTGTCCTTAAATGCATTAGCGAGTGTTAGTCTACATGGNNACGGCCTCTTGACGTGATAATGATCGTCGNGGGCCTNNAAGTGTAKTGTCTGNTTTCTAANCATTGATTGCGTGCATACGGCCCATAAAAGCT,Consensus Sequences
Contig 38,385 documents,TYATTGAATACGATTGGTACTGATGCTGGCCCTTCACWGNNCATGTGCTCGTCCATCTATTTATCTTCTCTTGTGCACATCTTGKAGTCTTGKATGAACCCTTGCGCATTCGWGCGGWCTGRNAGTTGMGAATTAMWACCTTRCTTCTCCTGCTWGASCAAGAYTATGTYWWCATATAYACTATAAAGTTACAGAATGTYWATTRACKACTTGTGCTTGTCACGGTCATTAMACCTATACAACTTTCAGCAACGGATCTCTYGCCTCTCCTATCGATGAASRACGCAGCGAAATGCGATAAGTAATGWGAATTGCAGAATTCAGWGAATCATCGAATCTTTGAACGCACCTTGCGCCCTTTGGTATTCCGAAGGGCATGCCTGTTTGAGTGTCATTAAAAWAATCAACCTTGCTCGCTTTTACTGCCTNGAAAAAAAGCTAGAATGTGAKGGTCTTTGCTTGCCTTCCTTCAGGGGATGGCCTGCTCCCTTTAAATGCATTARTGGGATSKCTTGTGGACCGNCNSTTGGTGTGATAAATNATMTATGCCATCTTGACTTTGAAGCAAACAAATGGGGACATGCKTATAANCGNGGCTTTCNNNRRAANTTYTTGNGCATTTTTGACCTCAAATCAGGTAGGGACTACCCCGCTGAACTTAAGCATATCAA,Consensus Sequences
Contig 39,385 documents,AATAAACCTNGATGGGTTGTTGCTGSTTCTCTAGGGAGCATGTGCACGCTTGTCATCTTTATATCTCCACCTGTGCACTTTTTGTAGACCTGGATAATCTTTCTGAATGCACTTGCATTTCAGGTTTGAGGAATTGACTTCATGTCTCTCCTTACATTTCCAGGCCTATGTTTCTTCATATACCCCTATGTATGTTTCAGAATGTAACAGGATGGGCCTTTTGTGCCTATAAATATATACAACTTTCAGCAACGGATCTCTTGGSTCTCGCATCGATGAAGAACGCAGCGAAATGCGATAAGTAATGTGAATTGCAGAATTCAGTGAATCATCGAATCTTTGAACGCACCTTGCGCTCCTTGGTATTCCGAGGAGCATGCSTGTTTGAGTGTCATTAATATATCAACCTCTTCGGCTTATGCTTGTTGAGWGTTGGATGGTGGGGGTTTTGCTGGTGTCTTATGAAGTCAGCTCCCCTGAAATGCATTAGCGGAACAATTTGTTGACCGTTCATTGGTGTGATAAAATATCTACGCTATTGACGTCAGTCAGTTCAGCTTCTAACAGTCCATTGACTTGNACAAATTTTCATTAATGTGACCTCAAATCAGGTAGGACTACCCGCTGAACTTAAGCATATCAA,Consensus Sequences
Contig 40,385 documents,TTATCGAATARRCTTSMTCAGNGCTGWTGANTGGTCTTCTTGTGGGGACATGTGCACGCTTGTCATCTTTATCATTTCTCCAACTGTGCACGTATTTTGTAGACCTTGGGGGGAATGGAATTCGTTCCGAGTGGGGACTGCTGTGCTTCAAAAAAAATAGAGGTCGGCTTTCCCTTTGAAAGGTCTATGTCATTTTTTCACAACCAATGTGTCTAGAATGTTGTAATGAATAAAAGTTATAAAAAACAACTTTCAGCAACGGATCTCTTGGCTCTCGCATCGATGAAGAACGCAGCGAAATGCGATAAGTAATGTGAATTGCAGAATTCAGTGAATCATCGAATCTTTGAACGCATCTTGCGCTCCTTGGTATTCCGAGGAGCATGCCTGTTTGAGTGTCATTTTGAACTCTCAAAGCCYCACGTTTTGACGTGGCTTTGGACTTGAGGGCTTTTGSMAGSYTTTCRWTMARARMSYSTGCTCYCKTGAAWMTCATSWGKGATATSTGGMGCGAAAAGCKMTATGTGTAGATAAYAYACATMTRTGTCTGTGTATRTGCCGYGTAAWGTGCKCTGCTTCCAGCGCCCYRYGCTCTKWSACAMACKTGMYCTMAWMWSATRKARSWCTACGCGCTGCWCWTA,Consensus Sequences
Contig 41,385 documents,ATYGYATAACCGAGGTGGCAAGGGCTGTCGCTGACCTTTCAAAGGTTGYGCACGCCCGAGCACACTCTCACACATCCATCTCACCCCTTTTGTGCATCACCGCGTAKGCCCTCCCTTTGCAAGGAGGGCTTGCGTTTTCACATAAAAACTTTTGATACAGTATAGAATGTTCTTTTTTATTTTGCGGTCACACGCAATCAATACAACTTTCAACAACGGATCTCTTGGCTCTCGCATCGATGAAGAACGCAGCGAAATGCGATACGTAATGTGAATTGCAGAATTCAGTGAATCATCGAATCTTTGAACGCACCTTGCGCCCCTTGGCATTCCGAGGGGCACACCCGTTTGAGTGTCGTGAAATCATCAAAAACCCTTTTTCTTTGAAAAGGATTTTTGGACTTGGAGGTTCCATGCTTGCCTTTGCCTTTGAAGGTGAGCTCCTCTCAAATAAATTAGTGGGGTCCGCTTTGCTGATCCTTAATGTGATAAGATGTTTCTACATTTTTGGATTTAGCACTGTCCCTTGGATGCCTGCTCCTAACTGTCTTTTGGACAATGATGGTGCTCCGGTCATCGCCATCTACATTGGCGAGAGGCTGGACCCACAAAAAAAACCYCAYMTTKT,Consensus Sequences
Contig 42,385 documents,TTACTGAACCGTCGACACGAGTTGTTGCTGGTCCCCAAACGGNGGGNCATGTGCACGCTCTGTTTACACATCCACTCACACCTGTGCACCCTCTGTAGTTCTGTGGTCAGGGGTCCCATCCCCTTGCCGTGGTTCTATGTATTTACACACACACCGTAACAAAGTCTCATGGAATGTTGCCGCGTTTAACGCAATACAATACAACTTTCAGCAACGGATCTCTTGGCTCTCGCATCGATGAAGAACGCAGCGAAATGCGATAAGTAATGTGAATTGCAGAATTCAGTGAATCATCGAATCTTTGAACGCACCTTGCGCCCTTTGGCTATTCTGAAGGGCATGCCTGTTTGAGTATCATGAACACCTCAACTCTCATGGTTTGCCATGATGAGCTTGGACTTTGGGGGTTTTGCTGGCCTTTGGTCAGCTCCTCTCAAACGGATCAGCTTCCCGGTGTTTGGTGGCATCACGAGTGTGATAACTATCTACGCTCGTGGTTTTCCGCCAGGTAACCTTCAGTGATGGAGGTTCGCTGGAGCTCATAAACGTCTCTCCTCAGCGAGGACAGCATTTGAACGTTTGATCTCAAATCAGGTAGGACTACCCGCTGAACTTAAGCATAT,Consensus Sequences
Contig 43,385 documents,CACAGGCTGTTGCTGGCCCTTGAGGGGGTATGTGCACGCTTGTCATCTTTATCATTTCTCCCAACTGYGCACATATTGTAGACTTTTTTTGAATTCCGATAAGGAATTCAAGTTGGGGGACTGCTGTGCTTAACAGTCGGCTTTCCCTTGTATTTTTCAGGTCTATGTCATTTTTCACAACCTCTATAATATGTTTAGAATGTTGAATCAGGTCCTTGTACCTATATAAAAAGTTATAAACAACTTTCAGCAACGGATCTCTTGGCTCTCGCATCGATGAAGAACGCAGCGAAATGCGATAAGTAATGTGAATTGCAGAATTCAGTGAATCATCGAATCTTTGAACGCATCTTGCGCCCCTTGGTATTCCGAGGAGCATGCCTGTTTGAGTGTCATTTGACCTTCTCTCAACCGTATCAGTCAATGATGTGGCTTGGATGTGGGGTTGCAGGCTTCGATTAWKRAARTCCAGCTYNCCTGGAATGCATTARTGGTATCTGKCTGRRCTGNTAWTTGGTGTGATAACTTATCTATGCCTTTTGGTGATCAGCACCGCTTATAACTATCAATTTGACAAATTTGACCTCNAATCAGGTANGACTACCCGCTGAACTTAAGCATA,Consensus Sequences
Contig 44,385 documents,TATTGAATAAAATTGAACAAGGCTGTTGCTGGCCTCTCGGTTGTGCACGTCTTGTCTCATCTTTATCATTTCTCCCACTGTGCACATTTTGTAGACCCTGGAGTCTTTGGAATTCATTTTTCGTGTTGGGACTGCTGTGCTTGAAAGTCGGCTTTGCCTTGCATCTCCAGGTCTATGTTTTCATATAACCTCTCTGTTTGGAATGTTCCTATAATAAAAGTTATATACAACTTTCAGCAACGGATCTCTTGGCTCTCGCATCGATGAAGAACGCAGCGAAATGCGATAAGTAATGTGAATTGCAGAATTCAGTGAATCATCGAATCTTTGAACGCATCTTGCGCTCCTTGGTATTCCGAGGAGCATGCCTGTTTGAGTGTCATTCAAAACTTCTCAACCACATTGAATGATGTGGCTTGGATTGTGGGGGTCTTTTTTTGCAGGCTTTCTCAAGAAGGTCGGCTCCCCTGAAATGCATTAGTGGTATCTGTGCTACTATGGTGTGATAAATTATCTATGCCTTTGGTATGCTGCATGAACTGCTTCTAATTTATATCATGAATTTGACCTCAAATCAGGTAGGACTACCCGCTGAACTTAAGCATATCW,Consensus Sequences
Contig 45,385 documents,TKWWTKTCTCYCMCWGTGYRCAYATWKTRTWSMYSTKWARMKGWKAKWRMYYCTTSKKKYKCRYCRMGWKTKTGRCWSTSGMGCKYWTTKWRKWCKCSTYTKYKYTKYKYTTTKYYKYSTTSKAYGAYRTTWTYTCCAMMMAMYRAAKWWKTTSWKMATRWTGWAKMAKGWSSTYYTTTKTWSYWMYWAWRWWKWTWTWCTACTWYYWKCARCRRMKSWYYTSNTKCTYSYMKCRWYGAWGAASRMMGCRRARWRMKRYRATWAATRWKRWKWRYWGMAKWMTKYGRWKMATCRWAKMWTYKWWCGCMKCWTGYKSYSCTYSKTRTTMYKMSGAGSATGMYKSYTKKWKKRKYRTYWCATCWTCTYMWCMCMCMMCMACYRSWKTTTTTCTYYWSKRTGGKGGGYKKGKWKGWKGTGGGRKGATKTWTTTGYWGSMTSTYSWCKMKKCTSCYCYMMWATRCAKYATTGGTRTCMKMSRAGMWAATMTACTACWRSWGTKRTGATMWATTAAYKCCKCMWMATGMTGCATSATTGGTKCAYGMTGCTRCTACTAACAAAAAAAAACGAAGGGTTTTTTTTCTTTTGCGAGAGAAAAAGATTATK,Consensus Sequences
Contig 46,385 documents,TCCCACCCTTGTMKATWGTACCRTGWTGCTYCGGCGGRCCCGCCATGGKTGGMCGCMGGGGGGCTCGYGCGAGMGCTRCCCCCGRSCCCGTGWCYGTMGRAGATCTCCCTCGAAAMGCTACTGTGGTCAGGAATGCTGWMWGAGTGGTGASAAATTRATCARWCAAAAACTTTCAACAATGRATMTCTTGGTTCCGGMATCGATGAAGAACGCAGCGAAATGCGATAAGTAATGCGAATTGCAGAATTCCGTGAGTCATCGAATCTTTGAACGCACATTGCGCCMCCCGGCTTCCCGGGGGGCATGCCTGTCCGAGCGTCATTGCCATCCCCTCAAGCTCTGCTTGGCTTGTTGGGCCGGCGTCCGCCCGGGGCTTCGCCTCGGGGGGATGGGCCCGAAAGGCAGTGGCGGCTCCCGGAGGGTGGTCCTTTGGGTGGTGATACATGGGTGTCTTCTTCCACCGCTCTGCTGGCCACGCTCCGGGGGCCTGTCGAACGAACGGTCTTCCCCTTTAGGTTGACCTCGGATCAGGTAGGGATACCCGCTGAACTTAAGCATAT,Consensus Sequences
Contig 47,385 documents,AAGCTTGGTTGGGTTGTTGCTGGCTCTGAGGGGCATGTGCACGCCTAACACCAACTTTCTTACCACCTGTGCACTTTTTGTAGACTTTGGAAAATACCTCTTGGTTTGAGGACTGTCGTGCGCAAGCCGGCTTTCCTTGCACTTTCCAGTCTATGTTTTATAATATACACCTATAGTATGTTTCAGAATGTCATTTAATGTTCTNTACTKCCTCTAAATNAACAAASANTCTTYCAACAACGGATCTCTTGNCTCTCGCATCGATGAAGAACGCAGCGAAATGCGATAAGTAATGTGAATTGCAGAATTCAGTGAATCATCGAATCTTTGAACGCACCTTGCGCTCCTTGGTATTCCGAGGAGCATGCCTGTTTGAGTGTCATAAAATTCTCAACCTTTTCAATCTTTTATTGNTTGAATTAGGTTTGGATGTGGGAGTCTTTTGCTGGCTTCTTCAAGAGGTTGNCTCTCCTCAAATTTATTAGCAGGACCTTTGTTGCTGTCTCAGYGTTAGTGTGATAATTATCTACGCTATTTTGCTGAAA,Consensus Sequences
Contig 48,385 documents,GCTGGTWCWCTARGGAGCATGTGCACGCCTTGTCATCTTTATATCTCCACCTGTGCACTTTTTGTAGACCTTTCAGGTCTATGTTGCTTCATTTAAACCCAATGTATGTTAATAGAATGTTGTGCCTATGATAATATATACAACTTTCAGCAACGGATCTCTTGGCTCTCGCATCGATGAAGAACGCAGCGAAATGCGATAAGTAATGTGAATTGCAGAATTCAGTGAATCATCGAATCTTTGAACGCACCTTGCGCTCCTTGGTATTCCGAGGAGCATGCCTGTTTGAGTGTCATTAATATATATATCAACCCTCTCTTTGTTGAGCGGTTTGGATGTGGGGGTTTGCTGTGGCCTCTTGAAGAGGGTTCAGCTCCCCTGAAATGCATTAGCAGAACAACCTTGTTCATTGGCGTGATAAACTATCTACGCTATTGAATGTGAGGGGCAGTTCAGCCTTCTAACGGTCCTTTGGGACAAATTCATCATTAATGTGACCTCAAATCAGGTAGGACTACCCGCTGAACTTAAGCAT,Consensus Sequences
Contig 49,385 documents,AARWMMWSAARGTCMKGGTATTTTTTAGKGGGGATHTTWCCMCTAAAARMTGAAWKGWYTTTTGRWYYYTTAAGAAAWRTTATTCCYYYTAAAAAACGRATTTCTTGGTTCTYGMAKGGAWGAATWCCSCAAAARAAAWGCGATAAGTGGTGTKWATKGMAAAATTCTTCCSCATMAWMGACWCGTTKWWYGCWCWTTGMGCSTTTMRGTATTCCGAAAGRCATGCMWGTTCKRGAKTTAKTGAMAACCGTTCCCCCACCTTTTTATAAATAATATRTTTGTAGGGCTTGATTGTGGTGGACGAGGTGAWGTTWACGCTTGTTGAATTACMTCGCSRCCGAAATTCASAGGCGGTCCATCCCCATGKSGTTGTGGCGTTSTWAGAGCTCTTCAKCAATTTCCGCTTGCAATCATGGGCTTTATGGTGCTTGCCATATGAAAATCCCCCCATATATYAAAGAGTTGACCTCGGATCAAGGAANGGATACCCGCTGAACTTAAGCATATCAATA,Consensus Sequences
Contig 50,385 documents,TCRWKTAGWGKAARTCAYCCTCTSAATGYAAWGGAMTGKGTATWTKTASAGGGAAYAACTMMMWCAAWKKYCAAYAMCGGGTYTMTTGRAWSKMGGAWYTMYKSWAAAAMGCASCGAMWTGCGWTATTTAAAGGGAATTGYWTAMTTCAKTGAATCATCKMGTSTTTKAACGMACMTTGCAYCCCTTGATATACCAAAGGGTACWCCCGTTTGAGTGTWATTGTAMTCTYACCTCWTTGGSTTTTTGTTAATCAGGGTGKACTTGSATGCTGTCGWGTAAYARAYGGCTCGKCTGARATGCCTGAGTGTACCCTGCTTTGCAGCGTATTCGGNGTGATAAACATCTTCACCGGAKWTGACTTTSGGGTCGCGCTTGTACTGATTGGCTCTATGCCTTCTAACYGTCCTGACAAGGYCATCTTTGTACAATTTGACCTCAAATTCGSRTGGGACTACCCGCTGAACTTANGCATAT,Consensus Sequences
Contig 51,385 documents,KAYCTCCYCWYRSWKMCCMCGTTGTGYACACCGGTCGYGTTKACACGMAMGCGKRTRSGYRWCAAYCAYTMKWRCRWCGMTKTAYKAATTTATWTGWWSWGWYTWGTTTCTAYTTCYKCTAAAAAACSAGAANGCAGWWTTCRKTGAATSATCGAATCTWTGARYRCWCCWTKYGCTCSTTGKATTCCGAGGAGCATGCCTGNKTGARYGTCAYTAAYATATAKATCANACCTGMTCKTGMTGAGYGCTCYG,Consensus Sequences
Contig 52,385 documents,TCATTATCGTACATCGGGGGTGCGAGGGCTGTCGCTGACCCTTTAAAAAARGKCSKGSMMSSCCSRNCGSYYYCMAAMMWYCMWYYYMMCCCYTTKKGSMWYMCCSSSKGGGTYCCCYTTKSSGGGGGSTTGSSKTTTCMMMWWAAAMYYCMWWMYGGGKAAAAWGGTTTCYTTTTKSSSYYMMMMSSMAWYMAWAMMAMYTTYMAMMAMGG,Consensus Sequences
