Name,# Source Sequences,% Identical Sites,% Pairwise Identity,Created Date,Description,Free end gaps,Mean Coverage,Modified,Molecule Type,Sample,Sequence,Sequence List Name,Topology,URN
Contig 1,54,26.6%,72.7%,,54 reads from 317 documents assembled using Geneious,true,29.289473684210527,Mon Aug 29 15:09:48 PDT 2022,DNA,317 documents,ATCKMSWSCTNTBCHTTBCTTGTCBAHCTCTAAGTGTCTATKTTTCYTCATWTAYNYMAATGAATGNTAATAGWATGNTTRTGCCTNNATAAAATNTATACAACTTTCAGCAACGGATCTCTTGGCTCTCGCATCGATGAAGAACGCAGCGAAATGCGATAAGTAATGTGAATTGCAGAATTCAGTGAATCATCGAATCTTTGAACGCACCTTGCGCTCCTTGGTATTCCGAGGAGCATGCCTGTTTGAGTGTCATTAATATATATCAACCTNTCTCTTGTTGARTNNGTTTGGATGTGGGGGTTTGCTGSNCCTCTNAANNAGGNTNTCAGCTCNNCCTGAAATGCATTAGCAGAACAACCNTGTTCATTGTGTGATAACTATCTACGCTATTGAATGNTGAGGNGCAGTTCAGCTTTCTAACNGTCNTTTGGACAAHHNTNTCATNATTATGTGACCTCAAATCAGGTAGGACTACCCGCTGAACTTAAGCATATCA,Consensus Sequences,linear,
Contig 2,21,50.5%,83.5%,,21 reads from 317 documents assembled using Geneious,true,9.642123287671232,Mon Aug 29 15:09:50 PDT 2022,DNA,317 documents,CCCCCTKTGCTCACGTTTTTAACATTAAACACCCNATTCGAACGTATTGTAGAATGNTTMTTTKYGCGATCACRCGCGATCAATACAACTTTCAACAACGGATCTCTTGGCTCTCGCATCGATGAAGAACGCAGCGAAATGCGATACGTAATGTGAATTGCAGAATTCAGTGAATCATCGAATCTTTGAACGCACCTTGCGCCCCTTGGCATTCCGAGGGGCACACCCGTTTGAGTGTCGTGAACATCCTCAACCTGCTTCGTTTTACCAAACCAAGTAGGCTTGSAATTTGGAGGTTTTCTGCTGGCCTCCTCCGAAGCCAGCTCCTCTTAAATCTATCAGTGRNATCCGCTTTGCTAGATCCTCGACGTTGATAAGATGTTTCTACGTCTTGRTTTTGCTCGGKARGBACCTGCTTCTAACCGTCCCATCGGRGACATCGTTCGAGCCGATCGCCCTTCACGGGGTNNAAGCTTTTCGACCCATGAAACCTTGACCTCAAATCGGGTGAGACTACCCGCTGAACTTAAGCATA,Consensus Sequences,linear,
Contig 3,19,59.6%,83.0%,,19 reads from 317 documents assembled using Geneious,true,8.237347294938917,Mon Aug 29 15:09:51 PDT 2022,DNA,317 documents,CGCCCTCCTTCGNCTAAAAGTCTGGCGTTTCCACGTCGGATCGGGGCGCTCTCCGCCCAAACACACACCACAGCCTGTCTTATAACGCATGTATGCCGCCCCACGGGTAACAAAAGWYAATACAACTTTCARCAACGGATCTCTTGGCTCTCGCATCGATGAAGAACGCAGCGAAATGCGATAAGTAATGTGAATTGCAGAATTCAGTGAATCATCGAATCTTTGAACGCACCTTGCGCCCTTTGGCTATTCCGAAGGGCATGCCTGTTTGAGTATCATGAACACCTCAACTCTCATGGTTTGCCATGATGAGCTTGGACTTTGBGGTCTTGCTGNCCTANGGTCGGCTCCTCTCAAATGGATCAGCTTGCCAGTGTTTGTGNCNNTCACAGGTGTGATAACTATCTACGCTTGTGNTTTTCTGCCATNGTAACCTTCAGCGATGRAGGTTCGCTGGAGCTCACANAATGTCTCTCCTCAGTGAGGACAGCTTTTTGAACGTTTGATCTCAAATCAGNTAGGACTACCCGCTGAACTTAAGCATATCAATA,Consensus Sequences,linear,
Contig 4,19,66.3%,88.4%,,19 reads from 317 documents assembled using Geneious,true,9.072625698324023,Mon Aug 29 15:09:51 PDT 2022,DNA,317 documents,CTTCTCATATACAMTRCNCTKTTANCAAYRWTGAACGTGMTNTGTGCCGCAAGGCCATTAATATAATACAACTTTTAACAACGGNTCTCTTGGCTCTCGCATCGATGAAGAACGCAGCGAAATGCGATAAGTAATGTGAATTGCAGAATTCAGTGAATCATCGAATCTTTGAACGCACCTTGCGCTCCCTGNTATTCCGGRGAGCACGCCTGTTCGAGTGTCGCGAAATTTCTCAAGCTTGGATGGCTTTTTTGTCTGTCCTTAGCCTTGGTTGTTGMNCTTTGCCGTGTCCTTTGTTGSNACGGCTGNCCTTAAAAGCATTAGCTGATCCTCGTGTGNCACTGRNTCTACTCAGCGTGATAACAGTCTGATCGCTGAGGACATCTTTTGNNNTGCCCAGTTCTCATTTGNNNTGCTTCCAAACTTGTTTTGCAGATTCTTCAATCTGTGTTCCACTTTTCAGCTTTGACCTCGAATCAGGTGNACTACCCGCTGAACTTAAGCATATCAATAA,Consensus Sequences,linear,
Contig 5,14,30.3%,61.1%,,14 reads from 317 documents assembled using Geneious,true,4.513221153846154,Mon Aug 29 15:09:52 PDT 2022,DNA,317 documents,AGAGGAGNAGCGGAGAGCAGAAGGCGAAGCGGTTGTCTTTTTAGAGGAGAGGGGGAAGCGGATAWCARAACGCGGGCTTTTGTTTTTTTAGTGKAGGGAGGGGAAGCAKCATATCAAAAAGCGGCGTTTTTTTTTTTTTTAAAAAAGGGAAGCGAAABARAAAAAAAADANGGKTTGTGTTTTTTTTTTTTAAAWAARAGAANGAAGCAAAANAAAAAAANGCGTYGTGTTTTTTTTTTTTAAAGAAGAGGARRGANARNARAAAAAAAAATANKKSKBKTTTTTTTTTTTTTTAAANAAAAGAAAAAAANAACAAAATAANATNNANMTTTTTTTTTTTTTTTTTAAAAAAAAAAAAAGACAAAAAAAAAAAAAAGMGCNTTTTTTTTTTTTTTAAAAAAAAAAAAAAAAMAAAAAAAAAAAANATWNGNNTTTTTTTTTTWAATAAGAAAAAAAAAAAAVAAAAAAACAHAACCCCCTTNTTTTTTTTTNTTTAAAAAAAAAAAAAANAAAAHCCCACHACMACCTTHNNTATTTTTTTATATTAAAAAAAAAAAAAANAVCRAARMAMWAMMMMMMAWWMWAWYYNATTTTWWWWTTAAAAAAAAAAAAAAAAAAAAAACCCTCTTCTTTGAAAGATTTGAAATTTAAAAAAAAAAAAACAAAATAGACTTAGAAAGAGAACTCATCACAAATGAATAAAAGAAAAAAGAAAAGAAGCAAAAACANCCTCAAGGAATTTATCTACGTATTGCAAATGCCATCGTCCCTGCTCCNAATCGTCTCATGTACAATGATG,Consensus Sequences,linear,
Contig 6,11,53.9%,70.8%,,11 reads from 317 documents assembled using Geneious,true,2.046305418719212,Mon Aug 29 15:09:53 PDT 2022,DNA,317 documents,AGAGGAGAAGCGGATAACAWAACGCGAAGCGCTTGTCTTGTTAGAGGAGGGAAGGGAAGCGGCATAACAAAARGCGGRGCGTCTTGTTTTTTTAGGGGAGRGGRGGGGMGSAATATMACAASGSGARGCGTCTTGTCTTGTTARWTTAGGGARGGGAAGCGGCATATCAAAAMGCGGAGCGTCTTGTTTTTTTAAAGAAGGGAAGCGAAGCATCATAACAAGAAGCGKCGTGTTTTKTTAAKATAAAGAAGGGAAGCAAAACAWAAAAANRYGTCGCGTCKTKTTTTGTTADDDAAGWRAARRGRARGRAARWAAMAWAARATTTAGAGACGTGTTTTAAAAAAGAAAACACCAAGGCCGGGTGGTGTGTGTTGTNCTTTTCTTCAAAAAAAAAAAAATCTGCATTTTTTTTTGTTTTGTTTTTTTTTTTTTCTAAAATAAAAAAATAGAGTAATTTTTTTTTTTTTTTTTTTTCTCTCTCTTCTAAAAAAAAAGAAGAGGAGAGTTGTTTTGTTTTTTTTCTCCTTCCCCTTAAAAAAAAAAAGAGCGACGTGTTTTTTTTTTGTGCTCCCCTCCCCCCCCAAAAAAAAAAAAAGACACTACTCTTTTTTATTTTTTGCTTTTCTTTTTTTTTAAAAAGGAGATGNAAAAAAAAAAAAAAAAGACCTTTTTTTTTTTTATTTTGAAANGCGGAACGTAAAAAATGNATCTGNCATCTTTTTTTTTTTTATAAAAAAGCGAAAAGAAATGTAAATTGCAGAATTCATTGTTTTATTTAAACTTTGAACGCACATTGAACCACTTGAAATCCCGAGGTTCATGCCTGTTCGAGAGACAAATCACCACTCAAGCCTGCCTTGGTGTTGTTTGACGTATACTAAGAAGACGCGACACGAAATGCTCGNCGGCGTGNACTGTAANAAAGAGAAGAAAAAATCTTTCCGCTTTGAAGTCGGNCCCCCCGTTTTGCCGGAAAAACCTAGCTCGCAAGTTTGACCTCGGAATCAGGCAG,Consensus Sequences,linear,
Contig 7,11,60.8%,84.7%,,11 reads from 317 documents assembled using Geneious,true,4.019607843137255,Mon Aug 29 15:09:53 PDT 2022,DNA,317 documents,AGAGNAGAAGCGGATAACAAAACGAGAAGCGGTTGTTTTTTTAAAGGAGGGAAGGGGAGCGGATNNCAAGAGGGGGAGCGTTTTGTTTTTTTAGAGGAGGGGGGGGGAGGAAAAAAACATGGGGGGTGGTGTTTTGTTTTTTAAAAGGAGGGGAGGGGAGCAAAAAAASGSGGRGCGTTTTGTTTTTTTAGTGGAGGGAAGGGATTTATTATATCATGAGGGGTTTTGTTTTTTTTTTGNNGKRRAGGGRTTKAWRRKWTMWTWYKRRSGGGCSWKGKKTTTTTTNNWKKWWKKKYARMAACGSRTCWCWTSMCTCCCGGNTNKGGGKGGKKWYSSYWKYKARWTGSGRWACGWAATGTGAATTGCAGAATTCAGKGAATCATCGAATCTTTGAACGCACCTTGCGCCCCTTGRCATTCCGAGGGGCACACCCGTTTGAGTGTCGTGAAATCCTCAAAACCCCTCTTCTTTGGGAGTTTTGGAATTGGAGGTTTAATGCTCGCTTTTGCCTTTGAAAGTGAGCTCCTCTCAAATGAATCAGTGGGGTCTGCTTTGCTGNTCCTTGACGTGATAAGATGTTTCTACGTCTTGNATTTGSCATCGTCCCTGCTCCTAATCGTCTCATGGACAATGATGGTGCTTCCGGTCACCGCCATCCACATCGGCGGGNAGGCTGGACCCACAAAGAGAAAACCTTGACCTCAAATCGGGTGAGACTACCCGCTGAACTTAA,Consensus Sequences,linear,
Contig 8,11,34.0%,68.1%,,11 reads from 317 documents assembled using Geneious,true,6.919799498746867,Mon Aug 29 15:09:54 PDT 2022,DNA,317 documents,TAGAGGRGKAAGCGGCATATCATAACGCGAAGCGTCTTGTTTTGTTAATTTAGAGAAVGGAAGCGGNATAACAAAAAGCGAAGCGTCTTGTTTTTTTAAAGKAGGGAAGGGAAGCATAATAACAAGAGGCGGGGTGTTTTGTTTTTTTAAAGGAGGGAAGCGAAATAAAAAAAVAAGGGGGGTTGTTTTTTTTTTTTAAAGAAGAGAAGSGAANAANAAAAAAAASGKGGGGKWGKTTTKTKTTAKKWNGAAGAANAGGGAAWCRAAAAAAAAADNNGGGGGKGGGGTKTWKTWTTAAARAAGRGAARGGAAAAAAWACATAASGDMAGGGGGTGTGNTGTTTTGTTNNGGGRGGGRSRMMCCTCCAAANNCATTTTTNTTTTTGGAAAA,Consensus Sequences,linear,
Contig 9,10,70.1%,85.2%,,10 reads from 317 documents assembled using Geneious,true,5.590804597701149,Mon Aug 29 15:09:54 PDT 2022,DNA,317 documents,CGCAAGCACTAATGTACAACTTTCAACAACGGATCTCTTGGCTCTCGCATCGATGAAGAACGCAGCGAAATGCGATAAGTAATGTGAATTGCAGAATTCAGTGAATCATCGAATCTTTGAACGCACCTTGCACCCTTTGRCATTCCGAAGATATGCTCGTTTGAGTGTCATTGTACTCTCACACTTCCAATTCTTTGGATTGAAAGTGGTGVACTTGNNCGCTGCTGCTTTACTGTGGCTCACCTCAAATGCATTAGTGCAACCCTTGNTTAGACATAGTACGGCGTGATAAGTGTCTTCGCTGGCGCCTCACTTTGAGGGTGKCTGATCAGGNCTCTGTGCTTCAAACCGTCTTTGCACAATGKCTGACAACTTGACCTCAAATCGAGTAGCACTACCCGCTGAACTTAANGCATATC,Consensus Sequences,linear,
Contig 10,9,34.8%,70.2%,,9 reads from 317 documents assembled using Geneious,true,2.9044222539229674,Mon Aug 29 15:09:54 PDT 2022,DNA,317 documents,GGGGGGTGTGGTGTTTAGGAAGAGGAGGGAGGGGGAGTAAAAAAAAGGGGGGGGGGGGGTTTYTTKWARAGAGAGGAGAAGCGGATAACAAAACGCGGAGCGNCTTGTTTTTTTAAAGGAGGGAAGGGAAGCGGMAWAACAAAAGGGGGGGGGTTTTGTTTTGGTAAGAGGAGGGGRGGGGAGTAAAAAAAAAAGGGGGGGGGTGTTTTGTTTTGAAGNGGAGGGGAGGGAAGAANTAAAAAAAGGGGGGGSGGTGTTTTTTTTTNTARRARAAGGAAGGGAAATAAAATNATAANGGGGGGGGGNGGTTTTTTTTTBGAAAAGAAGAVGAAGCAADAANNAAAAGGGGGGGGGKKKKKTWTRWTWWAKRRAASRKMRRAGMWKKGAAMYMMMMTGGGSGSSKKGKTATTCCGGAAAGAACGCCTGTCCAANTGCCCNNAATTTCTCCAAGCTTGGTGGGTTTTTTGGCGGCCCTTAGCCCTGGGTGGTGGGCTTTTGCCGGGGCCTTTGGTGGGAAGGGTTGGCCCTAAAANCCTTAAGCTGGCCCCCCGGGGGGGACTGGNTCAACCCCGCGGGGAAAAAGCCGGGCCCCCGGGNAATTTTTTTGGGAAGGGCAATTCCCTTTTGNNTGGCTTCCAAAACTGGGTTTTCGAAATTTTTAAAATGGGGTCCCATTTTTCCCTTTTGGCCCC,Consensus Sequences,linear,
Contig 11,9,39.2%,62.9%,,9 reads from 317 documents assembled using Geneious,true,2.5007407407407407,Mon Aug 29 15:09:55 PDT 2022,DNA,317 documents,GAAGCGNCTTGTTTTKTTAAWKKAGGGAAGGGAAGCNDGCKAAHAAAAAGGSGRGCGTYTTKTTTTTTTANAAGRAGGGAGGGGAAGNNKATAAAAAGAGGGGGGGGGTTTTNGTTTTTTTANAGNAGGRGGGGRGAGTAAYAAAACAAGGGGGGGGGTGTTTTTTTTTWGGGGAGGRGGGGARNGAAAAAAAAANADGGGGGGGGGTTTTTTTTTTTTTTGGNAGRRAARGAVSMAMTCAAAAAAAAAANCGGGGGGGGNTNTTTTTTTTTTTTTAAAGGGRGGGGRAAAVAAAAAAAAATTGGGGGSGGGGGGTTTTTTTTTTTTTTTTGAANGAACCTTGGCCCCCCNGGGATTTCCGGGGGGGCCCCCCGTTTTTGAGGGGCGGGAAACCTCCAAAACCCCCCTCTTTTGGGGGTTTTTGGGATTTGGAGGTTTAAAGGCCCCCTTTCCCCCTCCCAAGGGGGGCCCCTTCAAAAAAAAAAGGGGGGNCCCCCTTGCCGGCCCCCGGGGGGGGAAAAAGGTTTTTCAGGTTTGGGGTTTGCGACCCCCCCCCCTTCCAAAGGCCCCGGGGAAAGGGGGGGTTCCCGCCCCCCCCCCCCTCACTGGGGGGGGGGGGGGGCCCCGGAAAGGNTTTTTCCCCCCAACCGGGGGGAAACACCGGG,Consensus Sequences,linear,
Contig 12,7,45.0%,65.1%,,7 reads from 317 documents assembled using Geneious,true,2.795992714025501,Mon Aug 29 15:09:55 PDT 2022,DNA,317 documents,AGAGGAGARGCGGATAACAKAACGNSRRGCGKTTGTTTTTTTAGNNRGGVGAGAGGGAAGCGGCATAACAAAAANGCGGNGCTTTTTTTTTTTTAAAGGAGGGAGGGGAAGCRGTATAACAAAAGGMGGKGTTTTTTTTTTTTTAAAAGAAGGGAAGCAAAATAAAATAACACRTRGYKTTTTTTTTTTTTWTTAAAAAAANNNAAGVGVAAMAAAAWAAATGATGTTTTTTTTTTTTTTTTTTTAAAAAAAAAAAAAAAAAAAAAAAATTAWAAACTTTTTTTTTTTTNTCYTYTTCYTTTYMAAAAAACCCMSCCYCCYCYMAYTKYTTYYNCCTCCNCTCCTTTTCCTTAACAAAACCCCCCCCCCCCCGTTTTTTTACTTCCCTTCCCTCCTCTCCCAAAACAAAACACCCCCCCCCTTGTTTTTTTGCTCCCCCCCCCCCCTCTACCAAAACANCACCCCCCCCCTTTTTNTATTCCGCTTCCCCTCCCTCCTTTAAAAANACAAGCGCTTCGCGTTATGNTATCCGCTTCTNCTCT,Consensus Sequences,linear,
Contig 13,6,80.0%,88.3%,,6 reads from 317 documents assembled using Geneious,true,2.4136858475894245,Mon Aug 29 15:09:56 PDT 2022,DNA,317 documents,GAAATAGCATGACGAGTTGTCGCTGGTCTTTTCTTTGACCGTGCACGCTCTGTCGTTCTTCATTTCTCCATCTATTTGTGCACCTCTTGCGTAGACCTTTTCTTGAGNCTTTCCTCGGGTCGTTAGTNTTGTTTTGAAAAAAAAAAGAATTTTTGTGTTCCTTCCTTGCTACCACCAACACATACACGAAAGTAATTGTTTAGAAGTGAATGTTGTTGGATGCATAATACAACTTTCAGCAACGTCTCGCTTGTCTCTCGCATCGATGAAGMACGCAGCGGAATGCGATAAGGAATGTGGCTTGCAGAATTCAGTGAATCATCGAATCTTTGCACGCATCTTGCGCTCCTTGATTAATCCAAGRAGCATGCCTGTTTGAGTGTCATGAATGTCTCAMCCACACCGTGAGGTGTGGCTTGTGTTTGNTACTTACAGACTCAGCCTGCTCCNCCTGAAATGCATGAGAGCGAACCGCCCTCTCCATTAGGATGAGATACATATCTGCATCTGGGTGAGGGTTTTGCTGCTATACAAGAGTTGNRTTTGATAARCTTNGCCCTCAAATCAGGTASGCCCMCCYCGSYKRWMYTMAACATAATCAATANNNGGAAGNANNTTGGTTCATTTANAGGAAAGTA,Consensus Sequences,linear,
Contig 14,4,72.2%,77.2%,,4 reads from 317 documents assembled using Geneious,true,1.2311926605504586,Mon Aug 29 15:09:56 PDT 2022,DNA,317 documents,AGAGNACGAGGCGGAGANCAAAAGGCGAGGCGTCTTGTCTTGNTAGGGGAGGGNGGGGAAGCAGCATAACAAAAAGCGGAGTGGCTTGTTTWGTAAAAGAAGGNAANGSAAAWAWAMAWAAMAKWAGCGTTGTTTTTTTTTNNTTWWAAAAAAAAAAAMRRAAWAAAMAAAMACTTCSCGTTTTTTTTTAGGGGAGGGGGGGAAGTTTATCCACACAGGGCGGTGTTTTTTTTGTAAAGGGGGGGGGAGGGGAGCCCCAAGGCGTGAGGCCCGGTTTTTTTTATAGAAAGATGAGGGAAGTTTTTTTAAAAAAAACCGGGGTTTGTTTTTTTTATARAAAAAAACACCCCCCACATATCAAGAGGTTGTGCTCCTCTCTTAAAACAAAAAAAAACACGGCACGTTTTTTTGCTCCCCTCCCCTCCTCTACAAAAAAAAAAAACAACGCCCCATGATATTTTGCTCCCCTCCCCTCCTTTAACAAAAAAAAACGCTCCGCCTCTTGATAGCCGCTCCCCTTCCCTCCTTTAAAAAAACAAGACGC,Consensus Sequences,linear,
Contig 15,4,47.2%,59.7%,,4 reads from 317 documents assembled using Geneious,true,2.049429657794677,Mon Aug 29 15:09:56 PDT 2022,DNA,317 documents,AGGGGNGAGGCGGAGATCAGAAGGCGGGCGTTTGNTTTTTAGTGGAGAGAGGGTAAGCGKATAAMAAAANGCBDDGCTTTTTGTTTTTTTADAAGAGARGGGVAAVAAAATAAAAAAAGGCGDCGTTTTTTTTTTTTTTAAAGAAGGGAAGNNNAAAAAAAAAAAAANANAGSDTBTKBTTTTTTTTTTAAAAAAAAAAAAGAAGCAAAAAAAAAAAANNNVGVGTTTTTTTTTTTTTTAAAAAAAAAAAANGGAANAAAAAAAAAAATANNNDDTDDDTDDDTAATTTTTTTTAAAAAAAAAAAAAGAAAAATTTWTTTTWTTTTCCCTCTTCNTTTTATTAAAAAAANAAAGCNCAGGCTTTTCTNTTTTGCNCCNTTTTTTTTTAAAAAAAAANAAAAAACGATTGTTATTTTTTTTTGTTTTTCTTTTCTTAATTAAAAAAAAACANNCCTCTTCTTNAGCTTACCNNNCTCCTCTAAAAANNAAAGCNCCGTCTCTATCGCTCTCCTC,Consensus Sequences,linear,
Contig 16,3,60.9%,64.6%,Mon Aug 29 15:09:56 PDT 2022,3 reads from 317 documents assembled using Geneious,true,1.3488,Mon Aug 29 15:09:56 PDT 2022,DNA,317 documents,ATAACAAGAGGGGGAGGGTTTTGTTTTTTTAGTGAAGGGAGGGGAAGTATTATAAGGAGGGGGTTTTTTTTTTTTTTTTTTAGAGGAGGGAAGAAAAAAAAAAAAAGGGGGGGGGTTGTGTTTTGTTAATGAAGAGAAGAGAAATAAAACAAAAGGGGGGGGGGTGTTTTTTTAAGAAAAAGAAAAGAAAAAAAACAGATTAGGGGGGGGGTTGTTGTTTTGTAGGAGGAGGGAAGGGAAGCGKMWWANCAAAASGGGGMGGGTTTTKTTTTKKWAAWRRAGGGRRGGGRARYAWWAWAWMAWGGGGGGGGGTGTTTTTTTTTTRWARAGAARGGAARGRRARAAWAAWAMNGGGGGGGNNNGTNTTTTTTTTTTNWWAAKRRRRRWKKCAAMAMMRMAWSKSKRGGSKSKGGSKKYTTTKWWWAWWRMANAGAAAAAAAACATAATATAGGGGGGGGGGGTTTTTTGTTTTAAAAAAGAAGAGGAAAGGCACATAGCGCCGGGTGGGGTTGAGTTTTTTGAGGGGGAAAGAGAGCCGTGAACTCCATCAACCTTTCGGGTTTTTTGGACGGAAAAAAATGGACCTTGGCACCATTTGTTTTAGGGTCCTTTTGGAGCCCACCTC,Consensus Sequences,linear,
Contig 17,3,86.8%,88.1%,,3 reads from 317 documents assembled using Geneious,true,1.75054704595186,Mon Aug 29 15:09:56 PDT 2022,DNA,317 documents,AACACTAGCCTTTGGCCTATAAAACTTATACAACTTTCAGCAACGNTCTCTTGNTCTCGCATCGATGAAAACGCAGCGAAATGCGATAATAATGTGATTGCAGAATTCAGGAATCATCGAATCTTTGAACGCACCTTGCGCTCCTTGNTATTCCGAGNAGCATGCCTGTNTGANTGNCATTAAATTCTCAACCTTTATCAGCTTTTGCTGATGATGGCTTGANTGTGGANNTTTATTTTNGCTGSCTTCNTTTGCAGATGGNCAGCTNCCCCTTAAANTGNCATTAACNCGNCGCCCCNGCGYGGACTGNCTATTGNTGTGATAATTATCTASSSCCGNGNMCATCTNGCAATTATATNNTTTGCACTGCTTCCMAATCGTCTGTTGAATCAGATAATACATGACAAATTTGANCCTCAAAATCAGGTAGGACTACCCCGCTGAACTTAGANCATA,Consensus Sequences,linear,
Contig 18,3,95.4%,96.8%,Mon Aug 29 15:09:57 PDT 2022,3 reads from 317 documents assembled using Geneious,true,2.6437908496732025,Mon Aug 29 15:09:56 PDT 2022,DNA,317 documents,GATAAGTAGTGTGAATTGCAGAATTCAGTGAATCATCGAATCTTTGAACGCACATTGCGCCTCCTGNTATTCCGGGAGGCATGCCTGTTCGAGCGTCATTAAATACCACTCAAGCTCTTCTGCTTGGTCATGGAAGAAGAGAATGCTTGCATCCTCTCTTCTGAAATCGAACGGCGGACTGCCTCATGTGCCTCGCGTAGTAAGTTCATCTTTTCGCTTGGAGTGTGAGATAGTCTCGCCATCAACCCCCATACTTCTAAGGTTGACCTCGGATCAGGTAGGGATACCCGCTGAACTTAAGCATAT,Consensus Sequences,linear,
Contig 19,3,84.2%,86.9%,,3 reads from 317 documents assembled using Geneious,true,2.165644171779141,Mon Aug 29 15:09:57 PDT 2022,DNA,317 documents,TCCTCTTTAAATGCATCAGTGRAGAGAAACTCGCCCCAGTGTGATAATCCTGTTGCGCTGTGMTGNNTGANAAGTCTGCTTCCAACCGTCCNTCCGNGACATACAYCATCTYATTTTGACCTCAARTCAGGTAGGACTANCCCGCTGAACTTAAGCATAT,Consensus Sequences,linear,
Contig 20,2,85.7%,85.7%,Mon Aug 29 15:09:57 PDT 2022,2 reads from 317 documents assembled using Geneious,true,1.0174563591022443,Mon Aug 29 15:09:57 PDT 2022,DNA,317 documents,AGAGGNGAAGCGGATAACAAAAGGCGAAGCGGTTGTTTTGTTAGAGTAGGGAGGGGAAGCAGCATAAAAAAAAGCGGAGTGTTTTGTTTTTTTAAAGAAGGGAAGGGAAATAAAAAAAAAAAAAGCGTTTTGTTTTTTTAATTAAAATAAAGGAAGCAAAACAAAAAAAAAAGTTGTGTNTTGTTTTTTWGAAAGGGGGACCTATATAAAAAAAAACAAACTTTCCGCATTTTTTTTTTTTTGGGTCGCGGGGTCGGTGAAAAAACGCAGCGGNATGGGGTAAGTNAGGGGGAANGGCAGAATTCAGTGAACCATCCAATCTTTTGGACGGCTCTTTGTGCTTCTTTGNAATCCCGGAGGACCTGCCCTGGTTTGGGGGGCCTTAAAATTTTTTTTAACCCCCCCCCCTTGGGGAGGGGGGGGGNTTTTGGGGGGGGNNNTTTGTGGCCCCTTTTNTTNAAAAAAAAGGGGGCCCCCCCCCCCCCGAAAGGGGTTAAACAAAAAAACCTTTTTATTGGGGGGGAAAAACCTCCCCGGCCCAAGGGGGGGGGGGGGGGTATTTTCTTTTTTTTCAAAGGTTTTTTTGAAAAAACTTTTTAAAAGGGGGGCCCCCCAAAACGGGGGAGCCCCCCCCCCGGAAAAAAAAAAAAAAAAAAANGGGGGAAATTTTTNTTTTTTTGCCCGCACTCAAAAAGGAAAAAAAAAGCCGGGTTTTTTTTTTTTTTTTTTAAGCCCTCTTCCAAATAAAATAGGGNGGGGCCTTCTTTTTTTATTTATAGAGTCAAAGTACAATCCAACGCCT,Consensus Sequences,linear,
Contig 21,2,90.0%,90.0%,Mon Aug 29 15:09:57 PDT 2022,2 reads from 317 documents assembled using Geneious,true,1.0342465753424657,Mon Aug 29 15:09:57 PDT 2022,DNA,317 documents,AGGGGAGCNNCACAAAAAAAGGGGGGGGGGGGTGTGTTTTTTTAAAGNAAGGGNGNNACCNCCCACCNNNGGGGGGGGGTTTTTTTTTTTTAAAAAAAGGGNAACNCACCCCCCCCCCGGGGGGGGGSGGTTTTTTTTTTAAARGAGGGAGGGGAAGCATAATATCAAAACGCGTGGTTTTTTTTTTTTTTAAAGAAGAGAAGGGAAATAAAATAAAAATTGGCTTTTTTTTTTTTTTAAAAAAAAAAAAGAAGTAAAAAAAAAAAAGGAGGAGCTTTGTTTTTTATAAAAAAAAATAAGAAAAAAAAAAAATAAAAAGACTTTTTTTTTTTTTTTAAAAAAAAAAAAAAAAAAAAAAAAAAAAAATTTCTCTTTTTTTTTTTTAAAAAAAAAAAAAAAAAGAAAAAAAAAGTGAAATTTGGAGTTTTTTGAAAAAAAAAAAATTTAAACACACATTGCGCTCCTTGTGATATTGAGAAGAATGCGTGTGTGAGAGTGATACAAAACTCAACCTTTTANATTTTATAATATTGTATATAGTTGTATGTGTGNNTTGCACACTCCNCCTCTGTGGTCACCTCTCC,Consensus Sequences,linear,
Contig 22,2,92.3%,92.3%,Mon Aug 29 15:09:57 PDT 2022,2 reads from 317 documents assembled using Geneious,true,1.051383399209486,Mon Aug 29 15:09:57 PDT 2022,DNA,317 documents,TNTATTTAAAAAGAAAAGCACCGCCAAATAAACTCACGNGGCGTCNTTNTTTTTAAGAAAAAAAAAAACAAYTGAGGGGGGTGTTTGGGTGTTTGTAAGATTTGAGAGGAAGAGATTAGCCTTGGATGGTGGGTTTTGCCTTTTCCTTAAAGGGAAAGAATGGCCTTTAANNGTTCAGCTNGTTTTTCGTGGGTAACTGTNTCTACNAGCGTGAGAACCGTCTCATTCGCNGNNGCATCTTTTGGAATGGCCA,Consensus Sequences,linear,
Contig 23,2,100.0%,100.0%,Mon Aug 29 15:09:57 PDT 2022,2 reads from 317 documents assembled using Geneious,true,1.0537190082644627,Mon Aug 29 15:09:57 PDT 2022,DNA,317 documents,CCTCTTTANATTTTGAGAGTGTTTGNATGTGNNGTGTTATTTTGCTGNCCTTCTCCAAGGTCAGCTCCCCTGAAATGCATGACTGTAACGNCCTCTCCANTAANATGTGATACATATCTCCATCCGNGAGGGNTGNCCTGCTAAANAAAACTTCGAACTGACAAGCTTGCCCCCNNGCANNCAGNACCACCCGATCNACTTAGGCCGTATCAATNNCCCGCAGGCAAAATCACCCTTTGCCC,Consensus Sequences,linear,
Contig 24,2,86.7%,86.7%,Mon Aug 29 15:09:57 PDT 2022,2 reads from 317 documents assembled using Geneious,true,1.0666666666666667,Mon Aug 29 15:09:57 PDT 2022,DNA,317 documents,TTTGAATTCCGATAAGGAATTCAAGTTGGGGGACTGCTGTGCTTAACAGTCGGCTTTCCCTTGTATTTTTCAGGTCTATGTCATTTTTCACAACCTCTATAATATGTTTAGAATGTTGAATCAGGTCCTTGTACCTATATAAAAAGTATAAACAWYTTTCAGCAACGGANCNCTTGGCTCCTCCCATCGANGAAGNNGGCNGCGGAATTGGNNAAAANAAAGGGG,Consensus Sequences,linear,
