Name,Sequence,Sequence List Name
Contig 1,TTGAAATAAACCTGATAGGTTGTTGCTGGNTCTCTASGKAGCATGTGCACGCCTTGTCATCTTTATATCTCCACCTGTGCACTTTTGTAGACCTTTCAGGTCTATGTTNCTTCATTTNACCCCAATGTATGTTAATAGAATGTTGTGCNNNTATAWAATNATATACAACTTTCAGCAACGGATCTCTTGGCTCTCGCATCGATGAAGAACGCAGCGAAATGCGATAAGTAATGTGAATTGCAGAATTCAGTGAATCATCGAATCTTTGAACGCACCTTGCGCTCCTTGGTATTCCGAGGAGCATGCCTGTTTGAGTGTCATTAATATATNATCWWCYCTTCTNKWGTGKGANGGTKTGGATGTGGGGGTTTGCTGGNCCTCTKRAAANSGNAYTCAGCTCYYCTGAAATGCATTAGCAGARCNACTCTGTTCATTAGTNGTGATAACTATCTACGCTATTGAATGTGATGKGNCAGTYCAGCTTTCTAACWGTCCTTGGACAATYNATCATNTATGTGACCTCAAATCAGGTAGGACTACCCGCTGAACTTAAGCATATCATAAGGCGGAGGA,Consensus Sequences
Contig 2,WGCAAGGGCTGTCGCTGCAGTGGCTGTAACGGCCCAAAGTCGGGAATGCGAGGTGATGTTTCCACAACGGAATCACGTGCTCGTGCGCTGAGTTCAAGACCGCCCCCTCTGGAAAACTTTGGTGTCCATCATCCCTCGCGGCGTAAGCTGTGGCCGGATTTGGAGTAATCGGCCCTTGACTAGCCAGGGAAGTAATTCCGCAGCTAGCAGGGCTCACCGAGTTGGTCTTAGGAGATCAGGGCGTGTCATCTGTCGCGCGGGTGCGCCGTGTCCCTCGKRAACCKCKMGKGCTGTCGCTGACNTTYTNRGTCGTGCACGCCCGAGTGCTCTCNNWYWCAMANATCCATCTCACCNCTTTGTGCATCACCGCGTGGGTCCCCTTCCTCNNNKKGYGSTNMRSGYNTCKYGWYWTYAMAYAMMMMMTNTSRWACNNAKYGTAGAATGTTNANTTTNNNNGCGRTCACRCGCGATCAATACAACTTTCAACAACGGATCTCTTGGCTCTCGCATCGATGAAGAACGCAGCGAAATGCGATACGTAATGTGAATTGCAGAATTCAGTGAATCATCGAATCTTTGAACGCACCTTGCGCCCCTTGGCATTCCGAGGGGCACACCCGTTTGAGTGTCGTGAANATCCTCAANNCCYSYYTYSTTTNSNAGANACCWNGWAKNNTTGNGRTTTNNANNNNNNTNNGCTCGCNNTTCGCTTYGAAGYGAGCTCCTCTYAAATGWATCAGTGGGNGTCTGCTTTGCTAGATCCTYGACGTGATAAGATGTTTCTACGTCTTGGATTYKGCWYCGTMCSNTGCTCTGCTTCTCGTCKYATNNNNWCAANNGAYAKYGCTCSAGSNCGATCGCCANTYCACRTCGGTCGGGANNGCTKKANCGACSMAKGAANACCTTGACCTCAAATCGGGTGAGACTACCCGCTGAACTTAAGCATATCAATAAGNCGGGANGAA,Consensus Sequences
Contig 3,WCATTACCGAACTGTCGACACGAGTTGTYGCTGGTCCTCRAAYGGGGGCATGTGCACGCTCTGTTTACACATCCACTCACACCTGTGCACCCTCTGTAGTTCTRTGGCMTNGGGGACTCTGTCCTCCNTGCYGTGGTYCTACGTCTTTACACACACNCNTGTAACAAAGTCTCATGGAATGNTATGNYCGCGTTTAACGCAATACAATACAACTTTCAGCAACGGATCTCTTGGCTCTCGCATCGATGAAGAACGCAGCGAAATGCGATAAGTAATGTGAATTGCAGAATTCAGTGAATCATCGAATCTTTGAACGCACCTTGCGCCCTTTGGCTATTCCGAAGGGCATGCCTGTTTGAGTATCATGAACACCTCAACTCTCATGGTTTGCCATGATGAGCTTGGACTTTGGGGGTCTTGCTGGCCTGYGGTCGGCTCCTCTCAAATGGATCAGCTTGCCAGTGTTTGGTGGCRTCACAGGTGTGATAACTATCTACGCTTGTGGTTTTCYACCAGATAACCTTCAGCGATGGAGGTTCGCTGGAGCTCAYARATGTCTCTCCTCAGTGARGACAGCTYTTNTGAACGTTTGATCTCAAATCAGGTAGGACTACCCGCTGAACTTAAGCATATCATANGGGGGGGAAA,Consensus Sequences
Contig 4,GTGACGGTTGTAGCTGGCCTTTCGGGGCATGTGCACGCCCGAGCCCTTAATCCACACACACCTGTGAACCCAATGTAAGGGCCCGTAAAAAAGGCCYTTAYGTCTCATCACCAACCNTTGTATGTCTCATAGAATGTAAATCTATATCYTCGCCTTAAAMAAGCGTTGRTAAAMCTTATACAACTTTCAACAACGGATCTCTTGGCTCTCGCATCGATGAAGAACGCAGCGAAATGCGATAAGTAATGTGAATTGCAGATTTTCAGTGAATCATCGAATCTTTGAACGCACCTTGCGCTCCTTGGTATTCCGAGGAGCATGCCTGTTTGAGTGTCATTAAATWCTCAACTCCGATCGATTTGTTTCGACTCGGAGCTTGGACTTNGGAGTGTGCTGGCGTCTAGTCGGCTCCTCTCAAATGCATCAGCGGAATAKNAACCNNNCCGGACATCMGTGWGWTMATCGTGATGCKCNTGTCGCGCWGWCKTCGACTTCAAAGTCCGCTCATAATGGTCTTCGGACGAACTCTTACATCAAATTTGACCTCAAATCAGGTAGGACTACCCGCTGAACTTAAGCATATCAATA,Consensus Sequences
Contig 5,TTTGTKKGGTTGTTGCTGGCCNTCTYTMGGGRGCATGTGCACACCYRCCATCYTCATCTCTCCACCTGTGCACCTCTTGTAGACTTGGATTNGACTTTCYGAGNGCANACTCRSTCRGGAKGASTGCTKGCRCTNAKCTRGCTYTCCTTGCATTTCCAGGTCTATGTTTNTTCATATACCCCATTGTATGTAACAGAATGTAATCAYTAGGCCTTTGTGCCTATAAANCTTATACAACTTTCAGCAACGGATCTCTTGGCTCTCGCATCGATGAAGAACGCAGCGAAATGCGATAAGTAATGTGAATTGCAGAATTCAGTGAATCATCGAATCTTTGAACGCACCTTGCGCTCCTTGGTATTCCGAGGAGCATGCCTGTTTGAGTGTCATTAAATTCTCAACCTYTATCAGCTTTTGCTGATGATGGCTTGGATNNTGGGGGTTTATTTTGCTGGCTTCTTYRCAGATRGTCAGCTCCCCTTAAATGCATTAGCCGGTGCCCCGCGTGGACTGTCTATTGGTGTGATAATTATCTACGCYGTGGACATCTGCMAKTATATSGGTNTTGCACTGCWTCSAMTCGTCTGTTGAMTCAGAYAATACATGACAATTTGACCTCAAATCAGGTAGGACTACCCGCTGAACTTAAGCATATCATAA,Consensus Sequences
Contig 6,TACATTATCGTATGMACACAGAGGTGTAAGGGCTGTCGCTGACCTTTAAAGGTTGTGCACGCCTAAGCCCTCTCACAATCCACCTCACCCCTTTTGTGCATCACCGCGTGGGTCCTCCCTTTGCCGGGAGGGCCTGCGTTTTTATATAAAACTTGACACAATGTAGAATGTTTTCTTTTTTGCAATTATATGCAATCAATACAACTTTCAACAACGGATCTCTTGGCTCTCGCATCGATGAAGAACGCAGCGAAATGCGATACGTAATGTGAATTGCAGAATTCAGTGAATCATCGAATCTTTGAACGCACCTTGCGCCCCTTGGCATTCCGAGGGGCACACCCGTTTGAGTGTCGTGAAATTCTCAAAACCCCCTTTTCTTTGATCCTTTTTTGGGGTTTGGAAAAGGAGTTTTGGACTTGGAGGTTCGATGCTTGCCTTTCACTTTTGAAAGCGAGCTCCTCTCAAATAAATTAGTGGGGTCCGCTTTGCTGATCCTTAACGTGATAAGATGTTTCTACGTTTTGGATTTGGCACTGTCCTTTGGATGCCTGCTTCTAACTGTCTCACGGACAATGATGGTGCTCYGGTCACTACCATTTATATTGGTGGAAGGCTGGACCCACATAAATAAAACCTTGACCTCAAATCGGGTGAGACTACCCGCTGAACTTAAGCATATCANNNGNGGGGGGGGNAAANNNGGGWNTNNTTCCCCAAAAGANANAAGNWACTTNTTTTTTTAWGGAAG,Consensus Sequences
Contig 7,GAATCGTCGCCTTCAGTGCTGNGNCTCCGGCAAGTGCACGCTGGTGACTTCMATCCAATACCCTTGTGAACCATTGGCCTCTTGCTAGCTTCGGCTGGTTGAGGATATTTACACCAACTCGAATGTAATGAAATTATTGTTGTGCGCAAGCACTAATGTACAACTTTCAACAACGGATCTCTTGGCTCTCGCATCGATGAAGAACGCAGCGAAATGCGATAAGTAATGTGAATTGCAGAATTCAGTGAATCATCGAATCTTTGAACGCACCTTGCACCCTTTGGCATTCCGAAGGGTATGCTCGTTTGAGTGTCATTGTACTCTCACACTTCCAATTCTTTGGATTGGGAGTGGTGGACTTGGGCGCTGCTGCTTTACTGTGGCTCACCTCAAATGCATTAGTGCAACCCTTGGTTAGACATAGTACGGCGTGATAAGTGTCTTCGCTGGCGCCTCACTTTGAGGGTGGCTGATCAGGGGCTCTGTGCTTCAAACCGTCTTTGGACAATGGCTGACAACTTGACCTCAAATCGAGTAGGACTACCCGCTGAACTTAAGCATATCATAA,Consensus Sequences
Contig 8,TATTGAATAAGCTTGGTTGGGTTGTAGCTGGCCTTCAGGGGCATGTGCACAATCTAACACCAACTTTTTACCACCTGTGCACCCTTCGTAGACATGGATATCTTTCGAGGCAAACTCGGTTTGAGGAATGTTGTGTGCTTGCCAGCTTTTCTTACACTTCCAGTCTATATTTTTATATATACCCCTATTTGTATGTCTATTGAATGTCATTAATGGGCTTTAATTGCCTTTAAAATTTATACAACTTTCAACAACGGATCTCTTGGCTCTCGCATCGATGAAGAACGCAGCGAAATGCGATAAGTAATGTGAATTGCAGAATTCAGTGAATCATCGAATCTTTGAACGCACCTTGCGCTCCTTGGTATTCCGAGGAGCATGCCTGTTTGAGTGTCATGAAATTCTCAACCTATTTCAGCTTTGTTGTTGAATCAGGCTTGGATTTGTGGGGGTTTGCGGGCTTCAAAAGTCGGCTCTCCTTAAAAGTATTAGCATTATCTTTGTTATTTAGCTTTGGCGTGATAATTATCTATGTCATGGCTTAAGAGTAACTTGAAATAAGATCATGCTTCAAATTGTCTATAACTTTATTACTTTGACCTCAAATCAGGTAGGACTACCCGCTGAACTTAAGCATATS,Consensus Sequences
Contig 9,GTGATGGGGTTTGATGCTGGCAGCCAATTTTTGGATGCATGTGCTTGCCCTAACAATCATCTTCTAAACACCTGTGCACATTTTTGAGGGAGTTTCGAGTTTTATTGCCGTTTTTGGTGATTTTCTTGCATTCCCTTAAATTATTATACGCTGTTAACAATGATGAACGTGCTCTGTGCCGCAAGGCCATTAATATAATACAACTTTTAACAACGGATCTCTTGGCTCTCGCATCGATGAAGAACGCAGCGAAATGCGATAAGTAATGTGAATTGCAGAATTCAGTGAATCATCGAATCTTTGAACGCACCTTGCGCTCCCTGGTATTCCGGGGAGCACGCCTGTTCGAGTGTCGCGAAATTTCTCAAGCTTGGATGGCTTTTTTGTCTGTCCTTAGCCTTGGTTGTTGGGCTTTGCCGTGTCCTTTGTTGGGACGGCTGGCCTTAAAAGCATTAGCTGATCCTCGTGTGGYACTGGTTCTACTCAGCGTGATAACAGTCTGATCGCTGAGGACATCTTTTGGGATGGCCAGTTCTCATTTGGGTTGCTTCCAAACTTGGTTTTGCAGATTCTTCAATCTGTGTTCCACTTTTCAGCTTTGACCTCGAATCAGGTGGGACTACCCGCTGAACTTAAGCATATC,Consensus Sequences
Contig 10,GGATCAAACCGCGAACTTYTAAACCTTTGACGATTGACTCATGTTGCCTCGGCGGGTTCTCCCGCCAGAGGATAGATCAAAACTCCTGTTTTAACGGTGTTGTCTGAGCTACAAGCAACGAATCAAAACTTTCAACAACGGATCTCTTGGTTCTGGCATCGATGAAGAACGCAGCGAAATGCGATAAGTAGTGTGAATTGCAGAATTCAGTGAATCATCGAATCTTTGAACGCACATTGCGCCCCTTGGTATCCCGAGGGGCATGCCTGTTCGAGCGTCATTTCACCACTCAAGCCTGGCTTGGTGTTGGGCGACGTCCCCTTTAGGGACGCGCCTCGAAACGCTCGGCGGCGTGGCACCGGCTTTAAGCGTAGCAGAATCTTTCGCTTTGGAAGTCGGGGCCCCGTYTGCCGGAAGACCTACTCGCAAGGTTGACCTCGGATCAGGCAGGGATACCCGCTGAACTTAAGCATATSATAAACCGCGCWGCAAAGTCCGCTTATAATGNTCTTCGGACGAACTCTTATATCAAATTTGACCTCAAATCAGGTANGGACTACCCGCTGAACTTAAGCATATCAATAAANCGGAGGN,Consensus Sequences
Contig 11,CCAATCGGGCCCCCAAGCAAACACATCCATGTGTACACTCCCATGTTGCTTCCCCAGATCAGTGGCCACTGCTGCCAGCCCACCCCCTTGATTGGGGTCCTGGGTTGAGGTGTCTGGGGAAGGGCCCAATAACAAACCTTTGAACCAATTAGTTGTCTGAGTAGGCCACCCGCCGCAATCTTTAAAACATGTTAAAACTTTCAACAACGGATCTCTTGGCTCTCGCATCGATGAAGAACGCAGCGAAATGCGATAAGTAATGTGAATTGCAGAATTCAGTGAATCATCGAATCTTTGAACGCACATTGCGCCCTTTGGTATTCCTTAGGGCATGCCTGTTCGAGCGTCACTAAMAACCCCCTCACAGATARTGTGGTATTGGTAGAAGTGAACRGTACTTACATTACCTTGTCTCACTCTGCTGAAATGAATAGGCCAGAGAAGTGGACCCATGGTAAYWGACTCCAGGAGTGTYKTYCAATGCTAAACTAGTCTKTAYSCAAGTCMAGTTCTGAGCTACCNGGACCCCCATTCWGTMYAAAACAGAGTKGTTGACCTCGGATCAGGTAGGGATACCCGCTGAACTTAAGCA,Consensus Sequences
Contig 12,AGCGCCCGTGRMGCTCGCTCCCGGGGCTACCCTACTCCAGKAKKSYTTAGASTCGTCGAGSCTCTCGAASAAGCTCGGTVCYRMACNYCAYYSKKKATKATTATACSTTTGTTGCTTTGGCGGGCCGCTTCGNGCYWSCGGCTTCGGCTSGKGAGTGCCCGCCAGAGGACCNCNAAACTCTGAATKATTAGTGTCGTCTGAGTACTATATAATAGTTAAAACTTTCAACAACGGATCTCTTGGTTCTGGCATCGATGAAGAACGCAGCGAAATGCGATAAGTAATGTGAATTGCAGAATTCAGTGAATCATCGAATCTTTGAACGCACATTGCGCCCCKTGGTATTCCGMGGGGCATGCCTGTTCGAGCGTCATTATRACCMCTCMAGCTCNMGCTTGGTRTTGGGSCSNNGCCGCCRNGGCAGSCCTTAAAATCAGTGGCGGTGCCATCWGGCTCTAAGCGTAGTAATTCTTCTCGCTATAGAGTCMCGGTSGRTGCTTGCCAGCAACCCCYAATNTTTCAMTGGTTGACCTCGGATCAGGTAGGGATACCCGCTGAACTTAAGCAT,Consensus Sequences
Contig 13,YAGCATGACGAGTTGTCGCTGGTCTTTTCTTTGACCGTGCACGCTCTGTCGTTCTTCATTTCTCCATCTATTTGTGCACCTCTTGCGTAGACCTTTTCTGAGGGCTTTCCTCGGGTCGTTAGGACTGCTTTGCAAAAAAAGTGAATTTTGTGGGNNCTTTCCTTGTCGCTACCACACATACACCAGTGTAATTGTTTAGAAGGAAATGGAATTTGATGCATAATACAACTTTCAGCAACGGATCTCTTGGCTCTCGCATCGATGAAGAACGCAGCGAAATGCGATAAGTAATGTGAATTGCAGAATTCAGTGAATCATCGAATCTTTGAACGCATCTTGCGCTCCTTGGTTAATCCAAGGAGCATGCCTGTTTGAGTGTCATTAATGTCTCAACCACACCGTGAGGTGTGGCTTGGATTTGGGGGTTACAGGCTTAGTCTGCTCCCCTGAAATGCATGAGTGGTAACGACCTCTCCATTAAGATGTGATACATATCTGCATCTGGTTGAGGGTTTTGCTGCTATACAAGAGTTGGATTTGATAAACTTGACCTCAAATCAGGTAGGACCACCCGCTGAACTTAAGCATATC,Consensus Sequences
Contig 14,GATTGGTACTGATGCTGGCTCTTCACTGAGCATGTGCTCGTCCATCTATTTATCTTCTCTTGTGCACATYTTGTAGTCTTGRATGTACCNCTNNCGCAGTCRNNTGCGGTCTGGGAGCTTGSGMRYNAAGCCNNCTTCTCCTGCTTCTTCAAGRCTATGTTTTCATATACACTATAAAGTTACAGAATGTCTWTTAACGACTTGCGCTTGTCGCAGNTCATTAAACCTATACAACTTTCAGCAACGGATCTCTTGGCTCTCCTATCGATGAAGAACGCAGCGAAATGCGATAAGTAATGTGAATTGCAGAATTCAGTGAATCATCGAATCTTTGAACGCACCTTGCGCCCTTTGGTATTCCGAAGGGCATGCCTGTTTGAGTGTCATTAAATTATCAACCTTGCTCGCTTTTACCGGCTTGAGCTAAGCTTGGATGTGAGGGTCTTNGCTGGCTTCCTTCAGTGGATGGTCTGCTCCCCTTAAATGCATTAGTGGGATCTCTTGTGGACCGTCACTTGNTGTGATAATTATCTATGCCRTCTTGACYTTGAAGCAAACTTATGGGAACCTGCTTATAACCGTCTCTTCASGACACCTCTTGACAWCATCTTGACCTCAAATYMACKWGGRACTACCCGCTGAACTT,Consensus Sequences
Contig 15,CGGGTTGTCGCTGSCTCTCAGGAGCATGTGCACGCTCGTTCATATTCATWCTCTCTTGTGCACCTTTAGCTAGACTATGAATACCTCTCGAGTGAAAATCTCGGATTGAGGGCTGCACCTAAYSGTGCTTCCCTTGCATTTTCATAGTCTATGTCTTCATATACCCTTTGTATGTCTTTGAATGTCTTTTTGTGGGTCTTNTGACCTATAAAATCTAGTACAACTTTCAACAACGGATCTCTTGGCTCTCGCATCGATGAAGAACGCAGCGAAATGCGATAAGTAATGTGAATTGCAGAATTCAGTGAATCATCGAATCTTTGAACGCACCTTGCACCCTTTGGTATTCCGAAGGGTATGCCTGTTTGAGTGTCATTATATTCTCWACCATTGAACTTGTTTCTCTGGCTTGGATGTGGRCGTYGCGKGCTTCGCARGAGGTCGGCTCTCCTTAAATGCATTAGTGGAAACCGCTTGCAGGATTCATTCACTTTTTGGCGTGGATAGTATCGTCGTCAAAGGTAGTGTCTCCGAGGTATCTGCTTTCTAACCGTCCTTTACGGGACTCTTAATGACTTGNTTGACCTCAAATCAGGTAGGACTACCCGCTGAACTT,Consensus Sequences
Contig 16,GTACGTGCACGCTTGTCATCTTTATTTCTACCCACTGTGCACATATTGTAGACCTGAGAGCTTTTGATTCATTTTCGAGTTGGSACTGCTGCACGAAAAGTTCAGCTTTGCCTTGCATTTTCAGGTCTATGTCATCTTCACAAACCTCTAGAATTGTTTGGAATGTTAAATGCAAAGGTCATTTTGTACCTATAAAGTTTATATACAACTTTCAGCAACGGATCTCTTGGCTCTCGCATCGATGAAGAACGCAGCGAAATGCGATAAGTAATGTGAATTGCAGAATTCAGTGAATCATCGAATCTTTGAACGCATCTTGCGCTCCCTGRTATTCCGAGGAGCATGCCTGTTTGAGTGTCATTTAAGTTCTCAACCACGMACAACTTTGTTGTATTGTGGCTTGGRTGTGSBGGKATATCTTGCAGRCTTTTACGAGTCTGCTMYCMTGARATGCATTAGTAGTATCTGAGCAGAWACTACAMGBTGTGATAATTTATCTATGCCCTTTAGTATGCTGCAGGAAAAACCAGATCACACTGCTTCCAACATGTTTTATTTTTGACAAATTTGACCTCAAATCAGGTAGGACTACCCGCTGAACTTAAGCATATCATAAA,Consensus Sequences
Contig 17,ACTGAAGCAGTTAGGGTTGTAGCTGACTCTGTCAAAGGAGTACTGTGCTCGCTCTATTCTTCTACTTTTCCCCCTGTGCACCTTTTGTAGGCTATGATACCTATCGTGTGTGAGCTTTGTCTCATTACCGGTTTCAAGGGATTGCTGTTATGGCTCCCCTTGCCCTTCATATGCCTATGTCTTTATACACTCTTTTAAACAAGTCTAGAATGTCTTTTGTGGGTCTATTGACCTATAAACTTAATACAACTTTCAACAACGGATCTCTTGGCTCTCGCATCGATGAAGAACGCAGCGAAATGCGATAAGTAATGTGAATTGCAGAATTCAGTGAATCATCGAATCTTTGAACGCACCTTGCGCCCTTTGGTATTCCGAAGGGCATGCCTGTTTGAGTGTCATTAAATTCTCAAACCTTGATCAGTTTTGCGCTGACTTCAAGGCTTTGGATGTGGGAGTCTTTTGCTGGAACTCTTTTGGATCAGCTCTCCTTAAATGCATTAGCGGTTACTTGATCCCCTTTCCTTGGTGTGATNAATTATCTACGCCNTTTNGAAATGATCAGCATTGTATCAGCTTCTAATCGTCCATTGACTTGGACAACTTAATTGACCATTTGACCTCAAATCAGGTAGGACTACCCGCTGAACTTAA,Consensus Sequences
Contig 18,TGTCGCTGGCTAGGTGATTCTAGCATGTGCACGTCTACACTTTTAAACACACTTGTGAACCCATTGTAGATCGAGTCCATCGAAAAGTAGCATCGAACTACCTAATAGAGGGCTAATTGGCTTATCGAAAAGTAACCTAATAGAGGCTTATTGAAAAGTAGTGTGAACTACCTAATAGAAAGCTTACCGAAAAGTACCTAATAGAGAGCTAGTTGGCTTATCGAAAAGTGGTGAGAAACTACCTAATAGAGGGCTGAGTTGGCTCATCGAAACGTAGTTAATAGAGGGCTGGNTTGGCTTATCGAAAAGTATGAGGCTTATTGAAAAGTAGTGTGAACTACCTAATAGAAAGCTTNAGTACCTAATAGAGAGCTAGTTGGCTTATCGAAACAGACTACCTAATAGAGGGACCCAGAAGATCTATGTTTAATTTACACCACATCGTATGTCCAGAAAATATAAATAAATTACAACTTTCAGCAATGNATCTCTTGGTTCTCGCATCGATGAAGAACGCAGCGAATCGCGATAAGTAATGTGAATTGCAGATTTTCAGTGAATCATCGAATCTTTGAA,Consensus Sequences
Contig 19,GATGAGTTGTTGCTGGCTCTCTAGAGAGCATTGTGCACGCTTGTCATCTTTATGTCTCCACCTGTGCACATTTTGTAGACCTGGATCACTCTCTGAAATGCTAACCAGCATTTTAGGTTGGAGGAATTTGACTTTGTTGTCTTTCCTTGCATTTCTAGGTCTATGTTCTTTTCATATAATCTTATTGTGATATAATGGACCCTATATAATATAAACCTATACAACTTTCAGCAACGGATCTCTTGSCTCTCGCATCGATGAAGAACGCAGCGAAATGCGATAAGTAATGTGAATTGCAGAATTCAGTGAATCATCGAATCTTTGAACGCACCTTGCGCTCCTTGGTATTCCGAGGAGCATGCCTGTTTGAGTGTCATTAATATATCAACCTCTTTAAATTTTGAGAGTGTTTGGATGTGGGGGTGTTATTTTGCTGGCCTTCTCCAAGGTCAGCTCCCCTGAAATGTATTAGCGGAACATTTGTTGACCGTTCATTGGTGTGATAGCATATCTACGCTATTGAC,Consensus Sequences
Contig 20,TCSGACTAAATATACCCATTCTGAGTACCTTGCCTGTTGCTTCCATGGAGCCTGACACATGTCACTCTGGGGATTTACATCCCGAGGGAGCCTCCGTGGAAGGTAATCAATTAACTCTTGAATCCAATGTCATCTGTCTGATAATGTTTATAACAAATGTTAAAACTTTCAACAACGGATCTCTTGGTTCTCGCATCGATGAAGAACGCAGCGAAATGCGATAAGTAGTGTGAATTGCAGAATTCAGTGAATCATCGAATCTTTGAACGCACATTGCGCCTCCTGGTATTCCGGGAGGCATGCCTGTTCGAGCGTCATTAAATACCACTCAAGCTCTTCTGCTTGGTCATGGAAGAAGAGWATGCTTGCATCCTCTCTTCTGAAATCGAACGGCGGACTGCCTCATGTGCCTCGCGTAGTAAGTTCATCTTTTCGCTTGGAGTGTGAGATAGTCTCGCCATCAACCCCCATACTTCTAAGGTTGACCTCGGATCAGGTAGGGATACCCGCTGAACTTAAGCAT,Consensus Sequences
Contig 21,GGCTCTCAGGAGCATGTGCACGCTTGGTCAAATTTTTACCACCTGTGCACACACTGTAGGCCTGAATGAAACTTTGTCGARGAAACTCGGTTTGAGAACTGCTGAGCTGTTCTTGCATTTAAGGTCTATGTTTTCAAAYATATATACTCCATATACAAGTGATAGAATGTTAATTTATTGGCCTTCTTGTGCCTTTAAACCTAAATACAACTTTCAACAACGGATCTCTTGGCTCTCGCATCGATGAAGAACGCAGCGAAATGCGATAAGTAATGTGAATTGCAGAATTCAGTGAATCATCGAATCTTTGAACGCACCTTGCGCTCCTTGGTATTCCGAGGAGCATGCCTGTTTGAGTGTCATGAAATTCTCAACCTTTCTGGCTTTTATGAGCTGNTCAGGCTTGGATTGTGGAAGCTGCTGNCTTCTTTTGAGATCAGCTCTTCTTAAATGCATTAGCAAAATTCTTGCTGGACGACCATCTTTGGTATGATAGCTATCTATACCATCAAGATATCATCACAGCTTCCACTTCAGCGGATTTCAGGCTCTGCTTGGATTTATTTCCAAGTGTTCGATTTCAACCGCTCTGAAGCACCAGCCTAGGCACAGACATTAACTTGTTTGATGGTGTTGAATACTTCAGGTTGACGAAGCGAGGTGTTTNCCTTAGGGNAGCGCTCACGAGAGCAAGCAGTGTCAGAGCATCGTCAAAGATGTACTGATATGTGCACTGTCATTATTCCTGTACCTTAC,Consensus Sequences
Contig 22,TCACTCAGTCATGCTGCCGCGTGAACTGTACAAACCCACTCTGCGTACCTCTCCTGTTGCTTCCGCTGGGCCTGGAGCATTTTCAGATGAGTTGTCTCCCGCACAGTCAATTGCTGGCGTGGGGTTGGTAACTCTCAAGTGACTGCTCTGGATTCACATGCCCAGCGGGAGGATACTTAATTTCTGGATTTACTATTCCATCTGTCTGAACAATGAACCAAAAAAAAATGTTAAAACTTTCAGCAACGGATCTCTTGGTTCTCGCATCGATGAAGAACGCAGCGAAATGCGATAAGTAGTGTGAATTGCAGAATTCAGTGAATCATCGAATCTTTGAACGCACATTGCGCCTTTCGGCATTCCGGAGGGCATGCCTGTTCGAGAGTCATTAACAACCAGTTCAATCCCTCTTAGAAAATATTTGGGGGATTGGTTATTGGTGAATGAGGGGATGCGTGCATCACGTTGAATCACCTCACCACCGAAATTCAGAGGCGGTTTGTCCCCACGTGTTTGTGGCGTTGTAAAGGCTTACCAGCACTATTCGCTCGCATCGTGGGTGCACTGCTTGCCATTGGAGAAATCCCCATTCATCAAAGGTTGACCTCGGATCAGGTAGGGATACCCGCTGAACT,Consensus Sequences
Contig 23,TATGTGCACGCTTGTCATCTTTATCATTTCTCCAWCTGTGCACATATTGTAGACCTGTTTATTTTTTGAAGAAATTCWAGTTGGGRGACTGCTGTGCTTMYAAAAGTCGSCTTTCMCWTGTATTTTTCAGGTCTATGTCATTTTTCACWACCWCTAGAATGCGTTTAGARTGWTGAVTCATATATAVAGTTAATAAATACATCTTTCAGCAACGGMTCTCTTGWCTCTCGCATCGATGAAGAACGCARCGAAATGCGATARSKAWTGKKAATKGSARWWKYMARWGWMTSMKMRAATYYKWRWMYGCRTMTKGMGCTYSYKGKYATTSCAWGGMSSATGMSYGTKYSAGTGTSACGGARAYCCTYAYMYWTGYGATGYMWMWMTTGSWCRKKGTGKWSTWGGASTGKGYCGKMWKKGKYTYGWMCTGAWWYGCATYMSCTKGMGCKYMTTAGMGTGMTCGSCATGGTGAGWKAMKTRWYWGCKMYGTACCCTWAKGCMTSTKCKGTKGRTGCTGCTTCTAWWCGYSYCTCKRGGACACTTTACWTTATGCTKWGSYCTCAWATSAKRTARKWCTACGCGCT,Consensus Sequences
Contig 24,TGATAGGCTGTTGCTGGCCCTTGGTAGTGTGCACGCTTGTCATTTATTTGTTTGTTTTTCCACCTGTGCACCTTTTTGTAGACCTTGGAATTTGGGGACTGCTGTGCCGAGTGCCAGCTTTTCCTTGTCTCTCTCTAGGTTCTATGTTTTTCACATACTCCTACGAATGTAATAGAATGTTGATCTGGGCAATAAAGTTATATACAACTTTCAGCAATGGATCTCTTGGCTCTCGCATCGATGAAGAACGCAGCGAAATGCGATAAGTAATGTGAATTGCAGAATTCAGTGAATCATCGAATCTTTGAACGCATCTTGCGCTCCTTGGTATTCTGAGGAGCATGCCTGTTTGAGTGTCATTAAATTCTCAACTGCACCGACTTTTGATTGGTGTGGCTTGGATTTGGGATTGTGGGCTTTGTTGTGGTCTGCTCCCCTGAAATTGATTAGCAGTGCCTTGGTGGAACTGTCTACAGGTGTGATAATTATCTACATCATGGACATCTGCTTGAATGCT,Consensus Sequences
Contig 25,CTCTTCTTTTCGAGGGGGCAATGTGCACTCCCTGAACAATTCACAATTTCCATCACACCCTTGTGCACATCTKGTAGGCGCCCACTCACCTCTCTTGGTWGSGGCGTMCTATGTATTCCTTCATCTCACACTTTATWGAATGGTGCTCTTGRACGCATCTCATGGATTATTTGTAACAAAGTAATCACAGAAACAACTTTCAACAATGGATCTCTTGGCTCTCGCATCGATGAAGAACGCAGCGAAATGCGATACGTAATGTGAATTGCAGAATTCCGTGAATCATCGAATCTTTGAACGCACCTTGCGCCTCTTGATATKCCGATGGGCATGMHTGTTHGAGTGTCATTGAATCCTCAAAAGDAAAGCTTWAACTGCTTTCTCTTTTGVAATTGGAGCGTGCTGATCCTTCTGYTTGGGAAGCCCAGCTCCTCTGAAATACATTAGCGATGTGACATCCGCATGGCACCAYGCTTMTCTGGCATTGATANWATCTTCATGCRTGMGCGTGT,Consensus Sequences
Contig 26,CYWAAAYGARSYAAGGTRATTTAGAGGAAGTAATTACTTCCTCTAAATGACCYAGGTCATTTAGAGGAAGTAATTACTTCCTCTAAATGWYSTAGGTCATTTAGAGGAAGTAATTACTTCCTCTAAATGACCTAGGTCATTTAGAGGAAGTAATTACTTCCTCTAAATGASCTAGGTCATTTAGAGGAAGTAATTACYTCCTCTAAATGACCTAGGTCATTTAGAGGAAGTARTTACTTCCTCTAAATGWYCTAGGTGTTTWAGAGGAAGTAATTACCTTCCWMTAAATGNACCTAGGTYATTTAGAGGGAAGTAATTACTTCCTCTAAATGACCTAGGNTTTTTTTANNNGGAAGTAATTACTTCTCTCCTAAATGACCTAGGNNNTNTTTTTANGAGGGAANGTAAATTAACTTTCCCTCTAAATGACCCNAGGGTCATTTAGAGGNAAGTAAATTACTTCCTCTNAATGACCCTAGGTCATTTAGAGGAAGTWWTTACTTCCTCTAAAATGACCTAGGTCATTTAGAGGAAGTAATTACTTCCTCTAAATGGACCTAGGTCATTTAGAGGAAGTAATTACTTCCTCTAAATGACCTAGGTCATTTAGAGGAAGTAATTACTTCCTCTAAATGACCCTAGGTCATTTAGAGGNAAGTAATTACTTCCTCTAAATGACCTAGGGTCATTTAGAGGAAGTAATTACTTCCTCNAAATGACCCTAGGGTCATTTAGAGGGAAGTAATTACTTCCTCTAAATGACCCTAGGTCCATTTAGNAGGGAAGTAATTACTTCCNNCTAAATGGNNCTAGGGTCATTTAGAGGGNAGTAATTACTTCCTCTAAATGACCCTAGGGTCATTTAGAGGGAAGTAATTTACTTCCTCTAAATGACCCTAGGTCATTTAGAGGGAAGTAATNACTTCCCTCTAAATGACCTAGGTCATTTTAGAGGAAAG,Consensus Sequences
Contig 27,GCTGGCTCTCCCTCTGGAGTGTGTGTGCACGCTTGTCTCATCTTTATTATTTCTCCAACTGTGCACATTTTGTAGATCCTGGGAAAGGCCTTTTATGAATGTTCTCATTCGAGTAGGGACTGCTGTCGCTTTTCTTTGAAAGGCCGGCTTTGCCTTTTGTGCCTCCGGGTCTATGTCATTTTCCACAACCTCTCAAAACGAGTTTAGAATGTCTTATTATGTGAAATATACAACTTTCAGCAACGGATCTCTTGKCTCTCGCATCGATGAAGAACGCAGCGAAATGCGATAAGTAATGTGAATTGCAGAATTCAGTGAATCATCGAATCTTTGAACGCATCTTGCGCTCCTTGGTATTCCGAGGAGCATGCCTGTTTGAGTGTCATTTGACTTATCAACCGCTTCATGGTGAACATGGACGTGGCTTTGGATGTGGGGGTCTTTGCAGGCTTTTTTGAATCTGAAAGGTCGGCTCCCCTGAAACGCATTAGTGGCATCTGAGCTGCTACTATAGGTGTGATAAATTATCTATGCCTTTGGTATGCTGCATGAAYGGATTGCGCTGCTTACAAYGAYGAAA,Consensus Sequences
Contig 28,SWKSTTATTTGAATRATTTTCATTSYTCGCGTTGGAGACTGCTGTGYTCTCTWGGATGGKAGTCWGCTGTGCCCTTTTGTAGTTTCCCAGGTCTATGTTTTTACCACAAACTCTTCAAATGTGTTTTATAATGTWAAATTCAGGTGCTTTTTGTACCTATAAAAATGAAATATACAACTTTCAKCAACGGATCTCTTGGCTCTCGCATCGATGAAGAACGCAGCGAAATGCGATAAGTAATGTGAATTGCAGAATTCAGTGAATCATCGAATCTTTGAACGCATCTTGCGCTCCTTGGTATTCCGAGGAGCATGCCTGTTTGAGTGTCATTTTGACTTCTCAATTCCACATTGTTGTGTGGGGTTGGATGTGGGGGTTATCATTTTTTGCAGGCTTCTGATTGAGGTCGGCTCCCCTGAAATGTATTAGTGGTATCTGAGCTACTGCCATAGGTTTGATAATTATCTATGCCTTTGGTATGCTGCATGAACGGATTGCACTGCTTCTAACAAAGTTGGTTGTTGAACCACGTCTTGACGAATTTGACCTCAAATCAGGTAGGACTACCCGCTGAACTTAA,Consensus Sequences
Contig 29,CGGTTCTGATGCTGGCTCTTCACTGGGCATGTGCTCGTCCGTTCATATTTACCTTCTCTTGTGCACATTTTGTAGTCCTTTGGAACAAGTGAATTTCGCGCTGCTGTGATTGACTTCGCGGTGGTTGCGGTTTGGGGGATTGKGTGTAACAGCCCTTCCTCTGTTTATGCGCGTTGCTGCGATTTACTTCMTSTAGGAYYGMVSANAGGGGGGTTGAGCGTCAGCACTTCCCCTGCTTTTTGCTTTTTTTCAAAGGCTACGTTTTCATATACCCTATACAATGTTACAGAAATGTCTTTTAAAGATTTGTGCTTGGGTCGCAGTCATTAAAACCTATACAAACTTTTCAGCAAACGGGATCTCTTGGNYTCTNCCCATCGATGGAAGAAACGCAGCGAAAATGCGATAAAGTAATGTGGAATTTGCAGAAATTCAGTGGAATCATCGGATCTTTTGGAACGSCACCTTGCNGCCCTTTGGTNATTCCCGAAGGGCATGCCTNGTTTGAGTGTCATTTAAATTTATCAACCTTNGTTCGCTTTTACGAGCTTGAGCNGAGGCTTGGGAT,Consensus Sequences
Contig 30,GGTCTTCTTGTGGGGACATGTGCACGCTTGTCATCTTTATCATTTCTCCAACTGTGCACGTATTTTGTAGACCTTGGGGGGAATGGAATTCGTTCCGAGTGGGGACTGCTGTGCTTCAAAAAAAATAGAGGTCGGCTTTCCCTTTGAAAGGTCTATGTCATTTTTTCACAACCAATGTGTCTAGAATGTTGTAATGAATAAAAGTTATAAAAAACAACTTTCAGCAACGGATCTCTTGGCTCTCGCATCGATGAAGAACGCAGCGAAATGCGATAAGTAATGTGAATTGCAGAATTCAGTGAATCATCGAATCTTTGAACGCATCTTGCGCTCCTTGGTATTCCGAGGAGCATGCCTGTTTGAGTGTCATTTTGAACTCTCAAAGCCYCACGTTTTGACGTGGCTTTGGACTTGAGGGCTTTTKSMRGSYTTTCRWTMARARMSYSTGCYCYYKWGAAWMTCATSWGKGRTATSTGGMGCGAAAMSCKMTATGTGTAGATAAYAYWCATMTRYSTYTGGGTATRYGCCGYGTAAW,Consensus Sequences
Contig 31,YGGCCCAGRMTGCTRCCAGCCCACCCYCKTGRKTGGNSTCSTGNGGWGAGGTGTSTGGNGAAGYCCCAATAACAAAYCTKTNCACAAAATWTTTNTGTGAGAAGCCCSCGCGSCGCTKTMTAAAARAYRKGWWAWCACTTTCMCYAMCKSTAMGCRWGCCKSASGWTCGATGAAGAACGCAGMGAAATGCGATAAGTAATGTGARTTGCAGAATTCAGTGAATCATCGAATCTTTGAACGCACATTGYGMYCATTAGTATTCTAGTGKGCATGCCTGWTCGAKCGTSRTTTATTMSASTKAAGCCTTTGCTTAGKATTGGGAATCTACKTTTAYTCKGGAGWTGTAKTTCCTCAAAGACAGCGGCGGAGTCGTGKTTTTACTMTGAGCTTAGTAATTTKTTTMTAGCTTKCGAGTTGCCATTGCCCCCTTGCCGTAAAACACCCTTTATKTGTTATTGGTTGAYMTCGGAKCAGGTAYGAATACCCGCTGAACTTANGYATATCAATANGGGGGGAGKAC,Consensus Sequences
Contig 32,TGGCCCTTGAGGGGGTATGTGCACGCTTGTCATCTTTATCATTTCTCCCAACTGTGCACATATTGTAGACTTTTTTTGAATTCCGATAAGGAATTCAAGTTGGGGGACTGCTGTGCTTAACAGTCGGCTTTCCCTTGTATTTTTCAGGTCTATGTCATTTTTCACAACCTCTATAATATGTTTAGAATGTTGAATCAGGTCCTTGTACCTATATAAAAAGTTATAAACAACTTTCAGCAACGGATCTCTTGGCTCTCGCATCGATGAAGAACGCAGCGAAATGCGATAAGTAATGTGAATTGCAGAATTCAGTGAATCATCGAATCTTTGAACGCATCTTGCGCCCCTTGGTATTCCGAGGAGCATGCCTGTTTGAGTGTCATTTGACCTTCTCTCAACCGTATCAGTCAATGATGTGGCTTGGATGTGGGGTTGCAGGCTTNCGAGTATGAAAGTCCAGCTTCCCTGAAATGCATTA,Consensus Sequences
Contig 33,CCCAACCCTTTGTCTACTTGACCATCGTTGCTTCGGCGAGCCCGTCCTCACGGACCGCCGGAGGGACCTTTACTGGCCCTCTGGTCCGCGCTCGTCGGTAGCCCAACCTTTAAAATCTTTAACTAAWCGTGCCTTAWNTCTAAGTACAATGATTAAATAAAAGCAAAACTTTCAACAACGGATCTCTTGGTTCTGGCATCGATGAAGAACGCAGCGAAATGCGATAAGTAATGCGAATTGCAGAATTCCAGTGAGTCATCGAATCTTTGAACGCACATTGCGCCCTTTGRTATTCCGAAGGGCATGCCTGTTCGAGCGTCATTATCACCCCTCAAGCCCCTGGCTTGGTGTTGGACGGTTTGGTGGAGRTCCCCTCGGGGGCTCCTGCCCCTCCCAAAGACAATGACGGCGGCCTCGTTGGACCCCCGGTACACTGAGTTCTTCACGGGACACGTATCGGACAC,Consensus Sequences
Contig 34,CTTAAAACGCCAAATGGCACCCTTTGTTTATGAGTACCGTTCGTTTCCTCGGTGGGCTCGCCTGCCTTGAGGACCAACAACAACCTTTGCAGTAGCAGTATCTTCAGTTAAAATAAATATTAAAACTTTCAACAACGGATCTCTTGGTTCTGGCATCGATGAAGAACGCAGCGAAATGCGATAAGTAGTGTGAATTGCAGAATTCAGTGAATCATCGAATCTTTGAACGCACATTGCGCCCTTCGGTATTCCGTTGGGCATGCCTGTTCGAGCGTCATTTAATCAATCAAGCYCTGCTTGGTGTTGGGTGTTTGTTCCGCCTCRGTGCGTGGACTCGCCTTAAATTCATTGGCAGCCGGTATGTCGGCTTCGTGCGCAGCACATTGCGTCGCGATTCTGGCAGACCCCCTCCCATTAAGCTCCTTTCTAGTTTGACCTCGGATCAGGTAGGGATACCCGCTGAA,Consensus Sequences
Contig 35,WACCCTAARGMCTGTCGCACCAACTCTGTGTGGGAAACCGCTAGMGGGCCCGTGCTAACTACACGRGTWGRTAACAGACGACAYGGATACCTCCACGCCTNTTNGGTGTGGATACYATGGGCAATCCGCAGCGAAGCCTCTAAGTCCGRCTGCCGGATATGRGGAACGTTCWCAGACTAAGTGBAAGTGGKTGGAGCGTTCGCCGCTCTGCTTAAGATATAGTCGGGCMCCTTRGGAAACTAASGGGGTGAGTACACTGCTCGAAATTTAAACTTGARCGYGTCTCGGAYAGCGCTCATGTTAGAATTTCGAGACTGNCGACTGCCTCGCGGTTCGACAGCTCTKAAAACGTTCCRTAGGTGAACCTGCGGAAGG,Consensus Sequences
Contig 36,ATTGATTGCGAATCGTTGTCTTCGGTGCTGGCCAGCTCTGGCAAGTGCACGTTGGCGGCTTTTCATCCAATACCCCTGTGAACCTKKGGCCTCKTGCTAGCKTYGGCTGGCAGANNTTTTTTTNTWCCCMCA,Consensus Sequences
